chainage_pic,frame_number,event_name,name_key,run_code
246.0,37,ac,20240726_1,1
253.0,38,ac,20240726_1,1
259.0,39,ac,20240726_1,1
266.0,40,ac,20240726_1,1
272.0,41,ac,20240726_1,1
279.0,42,ac,20240726_1,1
286.0,43,ac,20240726_1,1
292.0,44,ac,20240726_1,1
299.0,45,ac,20240726_1,1
306.0,46,ac,20240726_1,1
312.0,47,ac,20240726_1,1
319.0,48,ac,20240726_1,1
326.0,49,ac,20240726_1,1
332.0,50,ac,20240726_1,1
339.0,51,ac,20240726_1,1
346.0,52,ac,20240726_1,1
352.0,53,ac,20240726_1,1
359.0,54,ac,20240726_1,1
366.0,55,ac,20240726_1,1
372.0,56,ac,20240726_1,1
379.0,57,ac,20240726_1,1
385.0,58,ac,20240726_1,1
392.0,59,ac,20240726_1,1
399.0,60,ac,20240726_1,1
405.0,61,ac,20240726_1,1
412.0,62,ac,20240726_1,1
419.0,63,ac,20240726_1,1
425.0,64,ac,20240726_1,1
432.0,65,ac,20240726_1,1
439.0,66,ac,20240726_1,1
445.0,67,ac,20240726_1,1
452.0,68,ac,20240726_1,1
459.0,69,ac,20240726_1,1
465.0,70,ac,20240726_1,1
472.0,71,ac,20240726_1,1
479.0,72,ac,20240726_1,1
485.0,73,ac,20240726_1,1
492.0,74,ac,20240726_1,1
498.0,75,ac,20240726_1,1
505.0,76,ac,20240726_1,1
512.0,77,ac,20240726_1,1
518.0,78,ac,20240726_1,1
525.0,79,ac,20240726_1,1
532.0,80,ac,20240726_1,1
538.0,81,ac,20240726_1,1
545.0,82,ac,20240726_1,1
552.0,83,ac,20240726_1,1
558.0,84,ac,20240726_1,1
565.0,85,ac,20240726_1,1
572.0,86,ac,20240726_1,1
578.0,87,ac,20240726_1,1
585.0,88,ac,20240726_1,1
592.0,89,ac,20240726_1,1
598.0,90,ac,20240726_1,1
605.0,91,ac,20240726_1,1
611.0,92,ac,20240726_1,1
618.0,93,ac,20240726_1,1
625.0,94,ac,20240726_1,1
631.0,95,ac,20240726_1,1
638.0,96,ac,20240726_1,1
645.0,97,ac,20240726_1,1
651.0,98,ac,20240726_1,1
658.0,99,ac,20240726_1,1
665.0,100,ac,20240726_1,1
671.0,101,ac,20240726_1,1
678.0,102,ac,20240726_1,1
685.0,103,ac,20240726_1,1
691.0,104,ac,20240726_1,1
698.0,105,ac,20240726_1,1
705.0,106,ac,20240726_1,1
711.0,107,ac,20240726_1,1
718.0,108,ac,20240726_1,1
724.0,109,ac,20240726_1,1
731.0,110,ac,20240726_1,1
738.0,111,ac,20240726_1,1
744.0,112,ac,20240726_1,1
751.0,113,ac,20240726_1,1
758.0,114,ac,20240726_1,1
764.0,115,ac,20240726_1,1
771.0,116,ac,20240726_1,1
778.0,117,ac,20240726_1,1
784.0,118,ac,20240726_1,1
791.0,119,ac,20240726_1,1
798.0,120,ac,20240726_1,1
804.0,121,ac,20240726_1,1
811.0,122,ac,20240726_1,1
818.0,123,ac,20240726_1,1
824.0,124,ac,20240726_1,1
831.0,125,ac,20240726_1,1
837.0,126,ac,20240726_1,1
844.0,127,ac,20240726_1,1
851.0,128,ac,20240726_1,1
857.0,129,ac,20240726_1,1
864.0,130,ac,20240726_1,1
871.0,131,ac,20240726_1,1
877.0,132,ac,20240726_1,1
884.0,133,ac,20240726_1,1
891.0,134,ac,20240726_1,1
897.0,135,ac,20240726_1,1
904.0,136,ac,20240726_1,1
911.0,137,ac,20240726_1,1
917.0,138,ac,20240726_1,1
924.0,139,ac,20240726_1,1
930.0,140,ac,20240726_1,1
937.0,141,ac,20240726_1,1
944.0,142,ac,20240726_1,1
950.0,143,ac,20240726_1,1
957.0,144,ac,20240726_1,1
964.0,145,ac,20240726_1,1
970.0,146,ac,20240726_1,1
977.0,147,ac,20240726_1,1
984.0,148,ac,20240726_1,1
990.0,149,ac,20240726_1,1
997.0,150,ac,20240726_1,1
1004.0,151,ac,20240726_1,1
1010.0,152,ac,20240726_1,1
1017.0,153,ac,20240726_1,1
1024.0,154,ac,20240726_1,1
1030.0,155,ac,20240726_1,1
1037.0,156,ac,20240726_1,1
1043.0,157,ac,20240726_1,1
1050.0,158,ac,20240726_1,1
1057.0,159,ac,20240726_1,1
1063.0,160,ac,20240726_1,1
1070.0,161,ac,20240726_1,1
1077.0,162,ac,20240726_1,1
1083.0,163,ac,20240726_1,1
1090.0,164,ac,20240726_1,1
1097.0,165,ac,20240726_1,1
1103.0,166,ac,20240726_1,1
1110.0,167,ac,20240726_1,1
1117.0,168,ac,20240726_1,1
1123.0,169,ac,20240726_1,1
1130.0,170,ac,20240726_1,1
1137.0,171,ac,20240726_1,1
1143.0,172,ac,20240726_1,1
1150.0,173,ac,20240726_1,1
1156.0,174,ac,20240726_1,1
1163.0,175,ac,20240726_1,1
1170.0,176,ac,20240726_1,1
1176.0,177,ac,20240726_1,1
1183.0,178,ac,20240726_1,1
1190.0,179,ac,20240726_1,1
1196.0,180,ac,20240726_1,1
1203.0,181,ac,20240726_1,1
1210.0,182,ac,20240726_1,1
1216.0,183,ac,20240726_1,1
1223.0,184,ac,20240726_1,1
1230.0,185,ac,20240726_1,1
1236.0,186,ac,20240726_1,1
1243.0,187,ac,20240726_1,1
1250.0,188,ac,20240726_1,1
1256.0,189,ac,20240726_1,1
1263.0,190,ac,20240726_1,1
1269.0,191,ac,20240726_1,1
1276.0,192,ac,20240726_1,1
1283.0,193,ac,20240726_1,1
1289.0,194,ac,20240726_1,1
1296.0,195,ac,20240726_1,1
1303.0,196,ac,20240726_1,1
1309.0,197,ac,20240726_1,1
1316.0,198,ac,20240726_1,1
1323.0,199,ac,20240726_1,1
1329.0,200,ac,20240726_1,1
1336.0,201,ac,20240726_1,1
1343.0,202,ac,20240726_1,1
1349.0,203,ac,20240726_1,1
1356.0,204,ac,20240726_1,1
1362.0,205,ac,20240726_1,1
1369.0,206,ac,20240726_1,1
1376.0,207,ac,20240726_1,1
1382.0,208,ac,20240726_1,1
1389.0,209,ac,20240726_1,1
1396.0,210,ac,20240726_1,1
1402.0,211,ac,20240726_1,1
1409.0,212,ac,20240726_1,1
1416.0,213,ac,20240726_1,1
1422.0,214,ac,20240726_1,1
1429.0,215,ac,20240726_1,1
1436.0,216,ac,20240726_1,1
1442.0,217,ac,20240726_1,1
1449.0,218,ac,20240726_1,1
1456.0,219,ac,20240726_1,1
1462.0,220,ac,20240726_1,1
1469.0,221,ac,20240726_1,1
1475.0,222,ac,20240726_1,1
1482.0,223,ac,20240726_1,1
1489.0,224,ac,20240726_1,1
1495.0,225,ac,20240726_1,1
1502.0,226,ac,20240726_1,1
1509.0,227,ac,20240726_1,1
1515.0,228,ac,20240726_1,1
1522.0,229,ac,20240726_1,1
1529.0,230,ac,20240726_1,1
1535.0,231,ac,20240726_1,1
1542.0,232,ac,20240726_1,1
1549.0,233,ac,20240726_1,1
1555.0,234,ac,20240726_1,1
1562.0,235,ac,20240726_1,1
1569.0,236,ac,20240726_1,1
1575.0,237,ac,20240726_1,1
1582.0,238,ac,20240726_1,1
1588.0,239,ac,20240726_1,1
1595.0,240,ac,20240726_1,1
1602.0,241,ac,20240726_1,1
1608.0,242,ac,20240726_1,1
1615.0,243,ac,20240726_1,1
1622.0,244,ac,20240726_1,1
1628.0,245,ac,20240726_1,1
1635.0,246,ac,20240726_1,1
1642.0,247,ac,20240726_1,1
1648.0,248,ac,20240726_1,1
1655.0,249,ac,20240726_1,1
1662.0,250,ac,20240726_1,1
1668.0,251,ac,20240726_1,1
1675.0,252,ac,20240726_1,1
1682.0,253,ac,20240726_1,1
1688.0,254,ac,20240726_1,1
1695.0,255,ac,20240726_1,1
1701.0,256,ac,20240726_1,1
1708.0,257,ac,20240726_1,1
1715.0,258,ac,20240726_1,1
1721.0,259,ac,20240726_1,1
1728.0,260,ac,20240726_1,1
1735.0,261,ac,20240726_1,1
1741.0,262,ac,20240726_1,1
1748.0,263,ac,20240726_1,1
1755.0,264,ac,20240726_1,1
1761.0,265,ac,20240726_1,1
1768.0,266,ac,20240726_1,1
1775.0,267,ac,20240726_1,1
1781.0,268,ac,20240726_1,1
1788.0,269,ac,20240726_1,1
1795.0,270,ac,20240726_1,1
1801.0,271,ac,20240726_1,1
1808.0,272,ac,20240726_1,1
1814.0,273,ac,20240726_1,1
1821.0,274,ac,20240726_1,1
1828.0,275,ac,20240726_1,1
1834.0,276,ac,20240726_1,1
1841.0,277,ac,20240726_1,1
1848.0,278,ac,20240726_1,1
1854.0,279,ac,20240726_1,1
1861.0,280,ac,20240726_1,1
1868.0,281,ac,20240726_1,1
1874.0,282,ac,20240726_1,1
1881.0,283,ac,20240726_1,1
1888.0,284,ac,20240726_1,1
1894.0,285,ac,20240726_1,1
1901.0,286,ac,20240726_1,1
1908.0,287,ac,20240726_1,1
1914.0,288,ac,20240726_1,1
1921.0,289,ac,20240726_1,1
1927.0,290,ac,20240726_1,1
1934.0,291,ac,20240726_1,1
1941.0,292,ac,20240726_1,1
1947.0,293,ac,20240726_1,1
1954.0,294,ac,20240726_1,1
1961.0,295,ac,20240726_1,1
1967.0,296,ac,20240726_1,1
1974.0,297,ac,20240726_1,1
1981.0,298,ac,20240726_1,1
1987.0,299,ac,20240726_1,1
1994.0,300,ac,20240726_1,1
2001.0,301,ac,20240726_1,1
2007.0,302,ac,20240726_1,1
2014.0,303,ac,20240726_1,1
2020.0,304,ac,20240726_1,1
2027.0,305,ac,20240726_1,1
2034.0,306,ac,20240726_1,1
2040.0,307,ac,20240726_1,1
2047.0,308,ac,20240726_1,1
2054.0,309,ac,20240726_1,1
2060.0,310,ac,20240726_1,1
2067.0,311,ac,20240726_1,1
2074.0,312,ac,20240726_1,1
2080.0,313,ac,20240726_1,1
2087.0,314,ac,20240726_1,1
2094.0,315,ac,20240726_1,1
2100.0,316,ac,20240726_1,1
2107.0,317,ac,20240726_1,1
2114.0,318,ac,20240726_1,1
2120.0,319,ac,20240726_1,1
2127.0,320,ac,20240726_1,1
2133.0,321,ac,20240726_1,1
2140.0,322,ac,20240726_1,1
2147.0,323,ac,20240726_1,1
2153.0,324,ac,20240726_1,1
2160.0,325,ac,20240726_1,1
2167.0,326,ac,20240726_1,1
2173.0,327,ac,20240726_1,1
2180.0,328,ac,20240726_1,1
399.0,57,ac,20240726_2,2
406.0,58,ac,20240726_2,2
413.0,59,ac,20240726_2,2
420.0,60,ac,20240726_2,2
427.0,61,ac,20240726_2,2
434.0,62,ac,20240726_2,2
441.0,63,ac,20240726_2,2
448.0,64,ac,20240726_2,2
455.0,65,ac,20240726_2,2
462.0,66,ac,20240726_2,2
469.0,67,ac,20240726_2,2
476.0,68,ac,20240726_2,2
483.0,69,ac,20240726_2,2
490.0,70,ac,20240726_2,2
497.0,71,ac,20240726_2,2
504.0,72,ac,20240726_2,2
511.0,73,ac,20240726_2,2
518.0,74,ac,20240726_2,2
525.0,75,ac,20240726_2,2
532.0,76,ac,20240726_2,2
539.0,77,ac,20240726_2,2
546.0,78,ac,20240726_2,2
553.0,79,ac,20240726_2,2
560.0,80,ac,20240726_2,2
567.0,81,ac,20240726_2,2
574.0,82,ac,20240726_2,2
581.0,83,ac,20240726_2,2
588.0,84,ac,20240726_2,2
595.0,85,ac,20240726_2,2
602.0,86,ac,20240726_2,2
609.0,87,ac,20240726_2,2
616.0,88,ac,20240726_2,2
622.0,89,ac,20240726_2,2
629.0,90,ac,20240726_2,2
636.0,91,ac,20240726_2,2
643.0,92,ac,20240726_2,2
650.0,93,ac,20240726_2,2
657.0,94,ac,20240726_2,2
664.0,95,ac,20240726_2,2
671.0,96,ac,20240726_2,2
678.0,97,ac,20240726_2,2
685.0,98,ac,20240726_2,2
692.0,99,ac,20240726_2,2
699.0,100,ac,20240726_2,2
706.0,101,ac,20240726_2,2
713.0,102,ac,20240726_2,2
720.0,103,ac,20240726_2,2
727.0,104,ac,20240726_2,2
734.0,105,ac,20240726_2,2
741.0,106,ac,20240726_2,2
748.0,107,ac,20240726_2,2
755.0,108,ac,20240726_2,2
762.0,109,ac,20240726_2,2
769.0,110,ac,20240726_2,2
776.0,111,ac,20240726_2,2
783.0,112,ac,20240726_2,2
790.0,113,ac,20240726_2,2
797.0,114,ac,20240726_2,2
804.0,115,ac,20240726_2,2
811.0,116,ac,20240726_2,2
818.0,117,ac,20240726_2,2
825.0,118,ac,20240726_2,2
832.0,119,ac,20240726_2,2
839.0,120,ac,20240726_2,2
846.0,121,ac,20240726_2,2
853.0,122,ac,20240726_2,2
860.0,123,ac,20240726_2,2
867.0,124,ac,20240726_2,2
874.0,125,ac,20240726_2,2
881.0,126,ac,20240726_2,2
888.0,127,ac,20240726_2,2
895.0,128,ac,20240726_2,2
902.0,129,ac,20240726_2,2
909.0,130,ac,20240726_2,2
916.0,131,ac,20240726_2,2
923.0,132,ac,20240726_2,2
930.0,133,ac,20240726_2,2
937.0,134,ac,20240726_2,2
944.0,135,ac,20240726_2,2
951.0,136,ac,20240726_2,2
958.0,137,ac,20240726_2,2
965.0,138,ac,20240726_2,2
972.0,139,ac,20240726_2,2
979.0,140,ac,20240726_2,2
986.0,141,ac,20240726_2,2
993.0,142,ac,20240726_2,2
1000.0,143,ac,20240726_2,2
1007.0,144,ac,20240726_2,2
1014.0,145,ac,20240726_2,2
1021.0,146,ac,20240726_2,2
1028.0,147,ac,20240726_2,2
1035.0,148,ac,20240726_2,2
1042.0,149,ac,20240726_2,2
1049.0,150,ac,20240726_2,2
1056.0,151,ac,20240726_2,2
1063.0,152,ac,20240726_2,2
1070.0,153,ac,20240726_2,2
1077.0,154,ac,20240726_2,2
1084.0,155,ac,20240726_2,2
1091.0,156,ac,20240726_2,2
1098.0,157,ac,20240726_2,2
1105.0,158,ac,20240726_2,2
1112.0,159,ac,20240726_2,2
1119.0,160,ac,20240726_2,2
1126.0,161,ac,20240726_2,2
1133.0,162,ac,20240726_2,2
1140.0,163,ac,20240726_2,2
1147.0,164,ac,20240726_2,2
1154.0,165,ac,20240726_2,2
1161.0,166,ac,20240726_2,2
1168.0,167,ac,20240726_2,2
1175.0,168,ac,20240726_2,2
1182.0,169,ac,20240726_2,2
1189.0,170,ac,20240726_2,2
1196.0,171,ac,20240726_2,2
1203.0,172,ac,20240726_2,2
1210.0,173,ac,20240726_2,2
1217.0,174,ac,20240726_2,2
1224.0,175,ac,20240726_2,2
1231.0,176,ac,20240726_2,2
1238.0,177,ac,20240726_2,2
1245.0,178,ac,20240726_2,2
1252.0,179,ac,20240726_2,2
1259.0,180,ac,20240726_2,2
1266.0,181,ac,20240726_2,2
1273.0,182,ac,20240726_2,2
1280.0,183,ac,20240726_2,2
1287.0,184,ac,20240726_2,2
1294.0,185,ac,20240726_2,2
1301.0,186,ac,20240726_2,2
1308.0,187,ac,20240726_2,2
1315.0,188,ac,20240726_2,2
1322.0,189,ac,20240726_2,2
1329.0,190,ac,20240726_2,2
1336.0,191,ac,20240726_2,2
1343.0,192,ac,20240726_2,2
1350.0,193,ac,20240726_2,2
1357.0,194,ac,20240726_2,2
1364.0,195,ac,20240726_2,2
1371.0,196,ac,20240726_2,2
1378.0,197,ac,20240726_2,2
1385.0,198,ac,20240726_2,2
1392.0,199,ac,20240726_2,2
1399.0,200,ac,20240726_2,2
1406.0,201,ac,20240726_2,2
1413.0,202,ac,20240726_2,2
1420.0,203,ac,20240726_2,2
1427.0,204,ac,20240726_2,2
1434.0,205,ac,20240726_2,2
1441.0,206,ac,20240726_2,2
1448.0,207,ac,20240726_2,2
1455.0,208,ac,20240726_2,2
1462.0,209,ac,20240726_2,2
1469.0,210,ac,20240726_2,2
1476.0,211,ac,20240726_2,2
1483.0,212,ac,20240726_2,2
1490.0,213,ac,20240726_2,2
1497.0,214,ac,20240726_2,2
1504.0,215,ac,20240726_2,2
1511.0,216,ac,20240726_2,2
1518.0,217,ac,20240726_2,2
1525.0,218,ac,20240726_2,2
1532.0,219,ac,20240726_2,2
1539.0,220,ac,20240726_2,2
1546.0,221,ac,20240726_2,2
1553.0,222,ac,20240726_2,2
1560.0,223,ac,20240726_2,2
1567.0,224,ac,20240726_2,2
1574.0,225,ac,20240726_2,2
1581.0,226,ac,20240726_2,2
1588.0,227,ac,20240726_2,2
1595.0,228,ac,20240726_2,2
1602.0,229,ac,20240726_2,2
1609.0,230,ac,20240726_2,2
1616.0,231,ac,20240726_2,2
1623.0,232,ac,20240726_2,2
1630.0,233,ac,20240726_2,2
1637.0,234,ac,20240726_2,2
1644.0,235,ac,20240726_2,2
1651.0,236,ac,20240726_2,2
1658.0,237,ac,20240726_2,2
1665.0,238,ac,20240726_2,2
1672.0,239,ac,20240726_2,2
1679.0,240,ac,20240726_2,2
1686.0,241,ac,20240726_2,2
1693.0,242,ac,20240726_2,2
1700.0,243,ac,20240726_2,2
1707.0,244,ac,20240726_2,2
1714.0,245,ac,20240726_2,2
1721.0,246,ac,20240726_2,2
1728.0,247,ac,20240726_2,2
1735.0,248,ac,20240726_2,2
1742.0,249,ac,20240726_2,2
1749.0,250,ac,20240726_2,2
1756.0,251,ac,20240726_2,2
1763.0,252,ac,20240726_2,2
1770.0,253,ac,20240726_2,2
1777.0,254,ac,20240726_2,2
1784.0,255,ac,20240726_2,2
1791.0,256,ac,20240726_2,2
1798.0,257,ac,20240726_2,2
1805.0,258,ac,20240726_2,2
1812.0,259,ac,20240726_2,2
1819.0,260,ac,20240726_2,2
1826.0,261,ac,20240726_2,2
1833.0,262,ac,20240726_2,2
1840.0,263,ac,20240726_2,2
1846.0,264,ac,20240726_2,2
1853.0,265,ac,20240726_2,2
1860.0,266,ac,20240726_2,2
1867.0,267,ac,20240726_2,2
1874.0,268,ac,20240726_2,2
1881.0,269,ac,20240726_2,2
1888.0,270,ac,20240726_2,2
1895.0,271,ac,20240726_2,2
1902.0,272,ac,20240726_2,2
1909.0,273,ac,20240726_2,2
1916.0,274,ac,20240726_2,2
1923.0,275,ac,20240726_2,2
1930.0,276,ac,20240726_2,2
1937.0,277,ac,20240726_2,2
1944.0,278,ac,20240726_2,2
1951.0,279,ac,20240726_2,2
1958.0,280,ac,20240726_2,2
1965.0,281,ac,20240726_2,2
1972.0,282,ac,20240726_2,2
1979.0,283,ac,20240726_2,2
1986.0,284,ac,20240726_2,2
1993.0,285,ac,20240726_2,2
2000.0,286,ac,20240726_2,2
2007.0,287,ac,20240726_2,2
2014.0,288,ac,20240726_2,2
2021.0,289,ac,20240726_2,2
2028.0,290,ac,20240726_2,2
2035.0,291,ac,20240726_2,2
2042.0,292,ac,20240726_2,2
2049.0,293,ac,20240726_2,2
2056.0,294,ac,20240726_2,2
2063.0,295,ac,20240726_2,2
2070.0,296,ac,20240726_2,2
2077.0,297,ac,20240726_2,2
2084.0,298,ac,20240726_2,2
2091.0,299,ac,20240726_2,2
2098.0,300,ac,20240726_2,2
2105.0,301,ac,20240726_2,2
2112.0,302,ac,20240726_2,2
2119.0,303,ac,20240726_2,2
2126.0,304,ac,20240726_2,2
2133.0,305,ac,20240726_2,2
2140.0,306,ac,20240726_2,2
2147.0,307,ac,20240726_2,2
2154.0,308,ac,20240726_2,2
2161.0,309,ac,20240726_2,2
2168.0,310,ac,20240726_2,2
2175.0,311,ac,20240726_2,2
2182.0,312,ac,20240726_2,2
2189.0,313,ac,20240726_2,2
2196.0,314,ac,20240726_2,2
2203.0,315,ac,20240726_2,2
2210.0,316,ac,20240726_2,2
2217.0,317,ac,20240726_2,2
2224.0,318,ac,20240726_2,2
2231.0,319,ac,20240726_2,2
2238.0,320,ac,20240726_2,2
2245.0,321,ac,20240726_2,2
2252.0,322,ac,20240726_2,2
2259.0,323,ac,20240726_2,2
2266.0,324,ac,20240726_2,2
2273.0,325,ac,20240726_2,2
2280.0,326,ac,20240726_2,2
2287.0,327,ac,20240726_2,2
2294.0,328,ac,20240726_2,2
2301.0,329,ac,20240726_2,2
2308.0,330,ac,20240726_2,2
2315.0,331,ac,20240726_2,2
2322.0,332,ac,20240726_2,2
2329.0,333,ac,20240726_2,2
2336.0,334,ac,20240726_2,2
2343.0,335,ac,20240726_2,2
2350.0,336,ac,20240726_2,2
2357.0,337,ac,20240726_2,2
2364.0,338,ac,20240726_2,2
2371.0,339,ac,20240726_2,2
2378.0,340,ac,20240726_2,2
2385.0,341,ac,20240726_2,2
2392.0,342,ac,20240726_2,2
2399.0,343,ac,20240726_2,2
2406.0,344,ac,20240726_2,2
2413.0,345,ac,20240726_2,2
2420.0,346,ac,20240726_2,2
2427.0,347,ac,20240726_2,2
2434.0,348,ac,20240726_2,2
2441.0,349,ac,20240726_2,2
2448.0,350,ac,20240726_2,2
2455.0,351,ac,20240726_2,2
2462.0,352,ac,20240726_2,2
2469.0,353,ac,20240726_2,2
2476.0,354,ac,20240726_2,2
2483.0,355,ac,20240726_2,2
2490.0,356,ac,20240726_2,2
2497.0,357,ac,20240726_2,2
2504.0,358,ac,20240726_2,2
2511.0,359,ac,20240726_2,2
2518.0,360,ac,20240726_2,2
2525.0,361,ac,20240726_2,2
2532.0,362,ac,20240726_2,2
2539.0,363,ac,20240726_2,2
2546.0,364,ac,20240726_2,2
2553.0,365,ac,20240726_2,2
2560.0,366,ac,20240726_2,2
2567.0,367,ac,20240726_2,2
2574.0,368,ac,20240726_2,2
2581.0,369,ac,20240726_2,2
2588.0,370,ac,20240726_2,2
2595.0,371,ac,20240726_2,2
2602.0,372,ac,20240726_2,2
2609.0,373,ac,20240726_2,2
2616.0,374,ac,20240726_2,2
2623.0,375,ac,20240726_2,2
2630.0,376,ac,20240726_2,2
2637.0,377,ac,20240726_2,2
2644.0,378,ac,20240726_2,2
2651.0,379,ac,20240726_2,2
2658.0,380,ac,20240726_2,2
2665.0,381,ac,20240726_2,2
2672.0,382,ac,20240726_2,2
2679.0,383,ac,20240726_2,2
2686.0,384,ac,20240726_2,2
2693.0,385,ac,20240726_2,2
2700.0,386,ac,20240726_2,2
2707.0,387,ac,20240726_2,2
2714.0,388,ac,20240726_2,2
2721.0,389,ac,20240726_2,2
2728.0,390,ac,20240726_2,2
2735.0,391,ac,20240726_2,2
2742.0,392,ac,20240726_2,2
2749.0,393,ac,20240726_2,2
2756.0,394,ac,20240726_2,2
2763.0,395,ac,20240726_2,2
2770.0,396,ac,20240726_2,2
2777.0,397,ac,20240726_2,2
2784.0,398,ac,20240726_2,2
2791.0,399,ac,20240726_2,2
2798.0,400,ac,20240726_2,2
2805.0,401,ac,20240726_2,2
2812.0,402,ac,20240726_2,2
2819.0,403,ac,20240726_2,2
2826.0,404,ac,20240726_2,2
2833.0,405,ac,20240726_2,2
2840.0,406,ac,20240726_2,2
2847.0,407,ac,20240726_2,2
2854.0,408,ac,20240726_2,2
2861.0,409,ac,20240726_2,2
2868.0,410,ac,20240726_2,2
2875.0,411,ac,20240726_2,2
2882.0,412,ac,20240726_2,2
2889.0,413,ac,20240726_2,2
2896.0,414,ac,20240726_2,2
2903.0,415,ac,20240726_2,2
2910.0,416,ac,20240726_2,2
2917.0,417,ac,20240726_2,2
2924.0,418,ac,20240726_2,2
2931.0,419,ac,20240726_2,2
2938.0,420,ac,20240726_2,2
2945.0,421,ac,20240726_2,2
2952.0,422,ac,20240726_2,2
2959.0,423,ac,20240726_2,2
2966.0,424,ac,20240726_2,2
2973.0,425,ac,20240726_2,2
2980.0,426,ac,20240726_2,2
2987.0,427,ac,20240726_2,2
2994.0,428,ac,20240726_2,2
3001.0,429,ac,20240726_2,2
3008.0,430,ac,20240726_2,2
3015.0,431,ac,20240726_2,2
3022.0,432,ac,20240726_2,2
3029.0,433,ac,20240726_2,2
3036.0,434,ac,20240726_2,2
3043.0,435,ac,20240726_2,2
3050.0,436,ac,20240726_2,2
3057.0,437,ac,20240726_2,2
3064.0,438,ac,20240726_2,2
3071.0,439,ac,20240726_2,2
3078.0,440,ac,20240726_2,2
3084.0,441,ac,20240726_2,2
3091.0,442,ac,20240726_2,2
3098.0,443,ac,20240726_2,2
3105.0,444,ac,20240726_2,2
3112.0,445,ac,20240726_2,2
3119.0,446,ac,20240726_2,2
3126.0,447,ac,20240726_2,2
3133.0,448,ac,20240726_2,2
3140.0,449,ac,20240726_2,2
3147.0,450,ac,20240726_2,2
3154.0,451,ac,20240726_2,2
3161.0,452,ac,20240726_2,2
3168.0,453,ac,20240726_2,2
3175.0,454,ac,20240726_2,2
3182.0,455,ac,20240726_2,2
3189.0,456,ac,20240726_2,2
3196.0,457,ac,20240726_2,2
3203.0,458,ac,20240726_2,2
3210.0,459,ac,20240726_2,2
3217.0,460,ac,20240726_2,2
3224.0,461,ac,20240726_2,2
3231.0,462,ac,20240726_2,2
3238.0,463,ac,20240726_2,2
3245.0,464,ac,20240726_2,2
3252.0,465,ac,20240726_2,2
3259.0,466,ac,20240726_2,2
3266.0,467,ac,20240726_2,2
3273.0,468,ac,20240726_2,2
3280.0,469,ac,20240726_2,2
3287.0,470,ac,20240726_2,2
3294.0,471,ac,20240726_2,2
3301.0,472,ac,20240726_2,2
3308.0,473,ac,20240726_2,2
3315.0,474,ac,20240726_2,2
3322.0,475,ac,20240726_2,2
3329.0,476,ac,20240726_2,2
3336.0,477,ac,20240726_2,2
3343.0,478,ac,20240726_2,2
3350.0,479,ac,20240726_2,2
3357.0,480,ac,20240726_2,2
3364.0,481,ac,20240726_2,2
3371.0,482,ac,20240726_2,2
3378.0,483,ac,20240726_2,2
3385.0,484,ac,20240726_2,2
3392.0,485,ac,20240726_2,2
3399.0,486,ac,20240726_2,2
3406.0,487,ac,20240726_2,2
3413.0,488,ac,20240726_2,2
3420.0,489,ac,20240726_2,2
3427.0,490,ac,20240726_2,2
3434.0,491,ac,20240726_2,2
3441.0,492,ac,20240726_2,2
3448.0,493,ac,20240726_2,2
3455.0,494,ac,20240726_2,2
3462.0,495,ac,20240726_2,2
3469.0,496,ac,20240726_2,2
3476.0,497,ac,20240726_2,2
3483.0,498,ac,20240726_2,2
3490.0,499,ac,20240726_2,2
3497.0,500,ac,20240726_2,2
3504.0,501,ac,20240726_2,2
3511.0,502,ac,20240726_2,2
3518.0,503,ac,20240726_2,2
3525.0,504,ac,20240726_2,2
3532.0,505,ac,20240726_2,2
3539.0,506,ac,20240726_2,2
3546.0,507,ac,20240726_2,2
3553.0,508,ac,20240726_2,2
3560.0,509,ac,20240726_2,2
3567.0,510,ac,20240726_2,2
3574.0,511,ac,20240726_2,2
3581.0,512,ac,20240726_2,2
3588.0,513,ac,20240726_2,2
3595.0,514,ac,20240726_2,2
3602.0,515,ac,20240726_2,2
3609.0,516,ac,20240726_2,2
3616.0,517,ac,20240726_2,2
3623.0,518,ac,20240726_2,2
3630.0,519,ac,20240726_2,2
3637.0,520,ac,20240726_2,2
3644.0,521,ac,20240726_2,2
3651.0,522,ac,20240726_2,2
3658.0,523,ac,20240726_2,2
3665.0,524,ac,20240726_2,2
3672.0,525,ac,20240726_2,2
3679.0,526,ac,20240726_2,2
3686.0,527,ac,20240726_2,2
3693.0,528,ac,20240726_2,2
3700.0,529,ac,20240726_2,2
3707.0,530,ac,20240726_2,2
3714.0,531,ac,20240726_2,2
3721.0,532,ac,20240726_2,2
3728.0,533,ac,20240726_2,2
3735.0,534,ac,20240726_2,2
3742.0,535,ac,20240726_2,2
3749.0,536,ac,20240726_2,2
3756.0,537,ac,20240726_2,2
3763.0,538,ac,20240726_2,2
3770.0,539,ac,20240726_2,2
3777.0,540,ac,20240726_2,2
3784.0,541,ac,20240726_2,2
3791.0,542,ac,20240726_2,2
3798.0,543,ac,20240726_2,2
3805.0,544,ac,20240726_2,2
3812.0,545,ac,20240726_2,2
3819.0,546,ac,20240726_2,2
3826.0,547,ac,20240726_2,2
3833.0,548,ac,20240726_2,2
3840.0,549,ac,20240726_2,2
3847.0,550,ac,20240726_2,2
3854.0,551,ac,20240726_2,2
3861.0,552,ac,20240726_2,2
3868.0,553,ac,20240726_2,2
3875.0,554,ac,20240726_2,2
3882.0,555,ac,20240726_2,2
3889.0,556,ac,20240726_2,2
3896.0,557,ac,20240726_2,2
3903.0,558,ac,20240726_2,2
3910.0,559,ac,20240726_2,2
3917.0,560,ac,20240726_2,2
3924.0,561,ac,20240726_2,2
3931.0,562,ac,20240726_2,2
3938.0,563,ac,20240726_2,2
3945.0,564,ac,20240726_2,2
3952.0,565,ac,20240726_2,2
3959.0,566,ac,20240726_2,2
3966.0,567,ac,20240726_2,2
3973.0,568,ac,20240726_2,2
3980.0,569,ac,20240726_2,2
3987.0,570,ac,20240726_2,2
3994.0,571,ac,20240726_2,2
4001.0,572,ac,20240726_2,2
4008.0,573,ac,20240726_2,2
4015.0,574,ac,20240726_2,2
4022.0,575,ac,20240726_2,2
4029.0,576,ac,20240726_2,2
4036.0,577,ac,20240726_2,2
4043.0,578,ac,20240726_2,2
4050.0,579,ac,20240726_2,2
4057.0,580,ac,20240726_2,2
4064.0,581,ac,20240726_2,2
4071.0,582,ac,20240726_2,2
4078.0,583,ac,20240726_2,2
4085.0,584,ac,20240726_2,2
4092.0,585,ac,20240726_2,2
4099.0,586,ac,20240726_2,2
4106.0,587,ac,20240726_2,2
4113.0,588,ac,20240726_2,2
4120.0,589,ac,20240726_2,2
4127.0,590,ac,20240726_2,2
4134.0,591,ac,20240726_2,2
4141.0,592,ac,20240726_2,2
4148.0,593,ac,20240726_2,2
4155.0,594,ac,20240726_2,2
4162.0,595,ac,20240726_2,2
4169.0,596,ac,20240726_2,2
4176.0,597,ac,20240726_2,2
4183.0,598,ac,20240726_2,2
4190.0,599,ac,20240726_2,2
4197.0,600,ac,20240726_2,2
4204.0,601,ac,20240726_2,2
4211.0,602,ac,20240726_2,2
4218.0,603,ac,20240726_2,2
4225.0,604,ac,20240726_2,2
4232.0,605,ac,20240726_2,2
4239.0,606,ac,20240726_2,2
4246.0,607,ac,20240726_2,2
4253.0,608,ac,20240726_2,2
4260.0,609,ac,20240726_2,2
4267.0,610,ac,20240726_2,2
4274.0,611,ac,20240726_2,2
4281.0,612,ac,20240726_2,2
4288.0,613,ac,20240726_2,2
4295.0,614,ac,20240726_2,2
4302.0,615,ac,20240726_2,2
4308.0,616,ac,20240726_2,2
4315.0,617,ac,20240726_2,2
4322.0,618,ac,20240726_2,2
4329.0,619,ac,20240726_2,2
4336.0,620,ac,20240726_2,2
4343.0,621,ac,20240726_2,2
4350.0,622,ac,20240726_2,2
4357.0,623,ac,20240726_2,2
4364.0,624,ac,20240726_2,2
4371.0,625,ac,20240726_2,2
4378.0,626,ac,20240726_2,2
4385.0,627,ac,20240726_2,2
4392.0,628,ac,20240726_2,2
4399.0,629,ac,20240726_2,2
4406.0,630,ac,20240726_2,2
4413.0,631,ac,20240726_2,2
4420.0,632,ac,20240726_2,2
4427.0,633,ac,20240726_2,2
4434.0,634,ac,20240726_2,2
4441.0,635,ac,20240726_2,2
4448.0,636,ac,20240726_2,2
4455.0,637,ac,20240726_2,2
4462.0,638,ac,20240726_2,2
4469.0,639,ac,20240726_2,2
4476.0,640,ac,20240726_2,2
4483.0,641,ac,20240726_2,2
4490.0,642,ac,20240726_2,2
4497.0,643,ac,20240726_2,2
4504.0,644,ac,20240726_2,2
4511.0,645,ac,20240726_2,2
4518.0,646,ac,20240726_2,2
4525.0,647,ac,20240726_2,2
4532.0,648,ac,20240726_2,2
4539.0,649,ac,20240726_2,2
4546.0,650,ac,20240726_2,2
4553.0,651,ac,20240726_2,2
4560.0,652,ac,20240726_2,2
4567.0,653,ac,20240726_2,2
4574.0,654,ac,20240726_2,2
4574.0,654,ac,20240726_2,2
4581.0,655,ac,20240726_2,2
4588.0,656,ac,20240726_2,2
4595.0,657,ac,20240726_2,2
4602.0,658,ac,20240726_2,2
4609.0,659,ac,20240726_2,2
4616.0,660,ac,20240726_2,2
4623.0,661,ac,20240726_2,2
4630.0,662,ac,20240726_2,2
4637.0,663,ac,20240726_2,2
4644.0,664,ac,20240726_2,2
4651.0,665,ac,20240726_2,2
4658.0,666,ac,20240726_2,2
4665.0,667,ac,20240726_2,2
4672.0,668,ac,20240726_2,2
4679.0,669,ac,20240726_2,2
4686.0,670,ac,20240726_2,2
4693.0,671,ac,20240726_2,2
4700.0,672,ac,20240726_2,2
4707.0,673,ac,20240726_2,2
4714.0,674,ac,20240726_2,2
4721.0,675,ac,20240726_2,2
4728.0,676,ac,20240726_2,2
4735.0,677,ac,20240726_2,2
4742.0,678,ac,20240726_2,2
4749.0,679,ac,20240726_2,2
4756.0,680,ac,20240726_2,2
4763.0,681,ac,20240726_2,2
4770.0,682,ac,20240726_2,2
4777.0,683,ac,20240726_2,2
4784.0,684,ac,20240726_2,2
4791.0,685,ac,20240726_2,2
4798.0,686,ac,20240726_2,2
4805.0,687,ac,20240726_2,2
4812.0,688,ac,20240726_2,2
4819.0,689,ac,20240726_2,2
4826.0,690,ac,20240726_2,2
4833.0,691,ac,20240726_2,2
4840.0,692,ac,20240726_2,2
4847.0,693,ac,20240726_2,2
4854.0,694,ac,20240726_2,2
4861.0,695,ac,20240726_2,2
4868.0,696,ac,20240726_2,2
4875.0,697,ac,20240726_2,2
4882.0,698,ac,20240726_2,2
4889.0,699,ac,20240726_2,2
4896.0,700,ac,20240726_2,2
4903.0,701,ac,20240726_2,2
4910.0,702,ac,20240726_2,2
4917.0,703,ac,20240726_2,2
4924.0,704,ac,20240726_2,2
4931.0,705,ac,20240726_2,2
4938.0,706,ac,20240726_2,2
4945.0,707,ac,20240726_2,2
4952.0,708,ac,20240726_2,2
4959.0,709,ac,20240726_2,2
4966.0,710,ac,20240726_2,2
4973.0,711,ac,20240726_2,2
4980.0,712,ac,20240726_2,2
4987.0,713,ac,20240726_2,2
4994.0,714,ac,20240726_2,2
5001.0,715,ac,20240726_2,2
5008.0,716,ac,20240726_2,2
5015.0,717,ac,20240726_2,2
5022.0,718,ac,20240726_2,2
5029.0,719,ac,20240726_2,2
5036.0,720,ac,20240726_2,2
5043.0,721,ac,20240726_2,2
5050.0,722,ac,20240726_2,2
5057.0,723,ac,20240726_2,2
5064.0,724,ac,20240726_2,2
5071.0,725,ac,20240726_2,2
5078.0,726,ac,20240726_2,2
5085.0,727,ac,20240726_2,2
5092.0,728,ac,20240726_2,2
5099.0,729,ac,20240726_2,2
5106.0,730,ac,20240726_2,2
5113.0,731,ac,20240726_2,2
5120.0,732,ac,20240726_2,2
5127.0,733,ac,20240726_2,2
5134.0,734,ac,20240726_2,2
5141.0,735,ac,20240726_2,2
5148.0,736,ac,20240726_2,2
5155.0,737,ac,20240726_2,2
5162.0,738,ac,20240726_2,2
5169.0,739,ac,20240726_2,2
5176.0,740,ac,20240726_2,2
5183.0,741,ac,20240726_2,2
5190.0,742,ac,20240726_2,2
5197.0,743,ac,20240726_2,2
5204.0,744,ac,20240726_2,2
5211.0,745,ac,20240726_2,2
5218.0,746,ac,20240726_2,2
5225.0,747,ac,20240726_2,2
5232.0,748,ac,20240726_2,2
5239.0,749,ac,20240726_2,2
5246.0,750,ac,20240726_2,2
5253.0,751,ac,20240726_2,2
5260.0,752,ac,20240726_2,2
5267.0,753,ac,20240726_2,2
5274.0,754,ac,20240726_2,2
5281.0,755,ac,20240726_2,2
5288.0,756,ac,20240726_2,2
5295.0,757,ac,20240726_2,2
5302.0,758,ac,20240726_2,2
5309.0,759,ac,20240726_2,2
5316.0,760,ac,20240726_2,2
5323.0,761,ac,20240726_2,2
5330.0,762,ac,20240726_2,2
5337.0,763,ac,20240726_2,2
5344.0,764,ac,20240726_2,2
5351.0,765,ac,20240726_2,2
5358.0,766,ac,20240726_2,2
5365.0,767,ac,20240726_2,2
5372.0,768,ac,20240726_2,2
5379.0,769,ac,20240726_2,2
5386.0,770,ac,20240726_2,2
5393.0,771,ac,20240726_2,2
5400.0,772,ac,20240726_2,2
5407.0,773,ac,20240726_2,2
5414.0,774,ac,20240726_2,2
5421.0,775,ac,20240726_2,2
5428.0,776,ac,20240726_2,2
5435.0,777,ac,20240726_2,2
5442.0,778,ac,20240726_2,2
5449.0,779,ac,20240726_2,2
5456.0,780,ac,20240726_2,2
5463.0,781,ac,20240726_2,2
5470.0,782,ac,20240726_2,2
5477.0,783,ac,20240726_2,2
5484.0,784,ac,20240726_2,2
5491.0,785,ac,20240726_2,2
5498.0,786,ac,20240726_2,2
5505.0,787,ac,20240726_2,2
5512.0,788,ac,20240726_2,2
5519.0,789,ac,20240726_2,2
5526.0,790,ac,20240726_2,2
5533.0,791,ac,20240726_2,2
5540.0,792,ac,20240726_2,2
5546.0,793,ac,20240726_2,2
5553.0,794,ac,20240726_2,2
5560.0,795,ac,20240726_2,2
5567.0,796,ac,20240726_2,2
5574.0,797,ac,20240726_2,2
5581.0,798,ac,20240726_2,2
5588.0,799,ac,20240726_2,2
5595.0,800,ac,20240726_2,2
5602.0,801,ac,20240726_2,2
5609.0,802,ac,20240726_2,2
5616.0,803,ac,20240726_2,2
5623.0,804,ac,20240726_2,2
5630.0,805,ac,20240726_2,2
5637.0,806,ac,20240726_2,2
5644.0,807,ac,20240726_2,2
5651.0,808,ac,20240726_2,2
5658.0,809,ac,20240726_2,2
5665.0,810,ac,20240726_2,2
5672.0,811,ac,20240726_2,2
5679.0,812,ac,20240726_2,2
5686.0,813,ac,20240726_2,2
5693.0,814,ac,20240726_2,2
5700.0,815,ac,20240726_2,2
5707.0,816,ac,20240726_2,2
5714.0,817,ac,20240726_2,2
5721.0,818,ac,20240726_2,2
5728.0,819,ac,20240726_2,2
5735.0,820,ac,20240726_2,2
5742.0,821,ac,20240726_2,2
5749.0,822,ac,20240726_2,2
5756.0,823,ac,20240726_2,2
5763.0,824,ac,20240726_2,2
5770.0,825,ac,20240726_2,2
5777.0,826,ac,20240726_2,2
5784.0,827,ac,20240726_2,2
5791.0,828,ac,20240726_2,2
5798.0,829,ac,20240726_2,2
5805.0,830,ac,20240726_2,2
5812.0,831,ac,20240726_2,2
5819.0,832,ac,20240726_2,2
5826.0,833,ac,20240726_2,2
5833.0,834,ac,20240726_2,2
5840.0,835,ac,20240726_2,2
5847.0,836,ac,20240726_2,2
5854.0,837,ac,20240726_2,2
5861.0,838,ac,20240726_2,2
5868.0,839,ac,20240726_2,2
5875.0,840,ac,20240726_2,2
5882.0,841,ac,20240726_2,2
5889.0,842,ac,20240726_2,2
5896.0,843,ac,20240726_2,2
5903.0,844,ac,20240726_2,2
5910.0,845,ac,20240726_2,2
5917.0,846,ac,20240726_2,2
5924.0,847,ac,20240726_2,2
5931.0,848,ac,20240726_2,2
5938.0,849,ac,20240726_2,2
5945.0,850,ac,20240726_2,2
5952.0,851,ac,20240726_2,2
5959.0,852,ac,20240726_2,2
5966.0,853,ac,20240726_2,2
5973.0,854,ac,20240726_2,2
5980.0,855,ac,20240726_2,2
5987.0,856,ac,20240726_2,2
5994.0,857,ac,20240726_2,2
6001.0,858,ac,20240726_2,2
6008.0,859,ac,20240726_2,2
6015.0,860,ac,20240726_2,2
6022.0,861,ac,20240726_2,2
330.0,47,ac,20240726_3,3
337.0,48,ac,20240726_3,3
344.0,49,ac,20240726_3,3
351.0,50,ac,20240726_3,3
358.0,51,ac,20240726_3,3
365.0,52,ac,20240726_3,3
372.0,53,ac,20240726_3,3
379.0,54,ac,20240726_3,3
386.0,55,ac,20240726_3,3
393.0,56,ac,20240726_3,3
400.0,57,ac,20240726_3,3
407.0,58,ac,20240726_3,3
414.0,59,ac,20240726_3,3
421.0,60,ac,20240726_3,3
428.0,61,ac,20240726_3,3
435.0,62,ac,20240726_3,3
442.0,63,ac,20240726_3,3
449.0,64,ac,20240726_3,3
456.0,65,ac,20240726_3,3
463.0,66,ac,20240726_3,3
470.0,67,ac,20240726_3,3
477.0,68,ac,20240726_3,3
484.0,69,ac,20240726_3,3
491.0,70,ac,20240726_3,3
498.0,71,ac,20240726_3,3
505.0,72,ac,20240726_3,3
512.0,73,ac,20240726_3,3
519.0,74,ac,20240726_3,3
526.0,75,ac,20240726_3,3
533.0,76,ac,20240726_3,3
540.0,77,ac,20240726_3,3
547.0,78,ac,20240726_3,3
554.0,79,ac,20240726_3,3
561.0,80,ac,20240726_3,3
569.0,81,ac,20240726_3,3
576.0,82,ac,20240726_3,3
583.0,83,ac,20240726_3,3
590.0,84,ac,20240726_3,3
597.0,85,ac,20240726_3,3
604.0,86,ac,20240726_3,3
611.0,87,ac,20240726_3,3
618.0,88,ac,20240726_3,3
625.0,89,ac,20240726_3,3
632.0,90,ac,20240726_3,3
639.0,91,ac,20240726_3,3
646.0,92,ac,20240726_3,3
653.0,93,ac,20240726_3,3
660.0,94,ac,20240726_3,3
667.0,95,ac,20240726_3,3
674.0,96,ac,20240726_3,3
681.0,97,ac,20240726_3,3
688.0,98,ac,20240726_3,3
695.0,99,ac,20240726_3,3
702.0,100,ac,20240726_3,3
709.0,101,ac,20240726_3,3
716.0,102,ac,20240726_3,3
723.0,103,ac,20240726_3,3
730.0,104,ac,20240726_3,3
737.0,105,ac,20240726_3,3
744.0,106,ac,20240726_3,3
751.0,107,ac,20240726_3,3
758.0,108,ac,20240726_3,3
765.0,109,ac,20240726_3,3
772.0,110,ac,20240726_3,3
779.0,111,ac,20240726_3,3
786.0,112,ac,20240726_3,3
793.0,113,ac,20240726_3,3
800.0,114,ac,20240726_3,3
807.0,115,ac,20240726_3,3
814.0,116,ac,20240726_3,3
821.0,117,ac,20240726_3,3
828.0,118,ac,20240726_3,3
835.0,119,ac,20240726_3,3
842.0,120,ac,20240726_3,3
849.0,121,ac,20240726_3,3
856.0,122,ac,20240726_3,3
863.0,123,ac,20240726_3,3
870.0,124,ac,20240726_3,3
877.0,125,ac,20240726_3,3
884.0,126,ac,20240726_3,3
891.0,127,ac,20240726_3,3
898.0,128,ac,20240726_3,3
905.0,129,ac,20240726_3,3
912.0,130,ac,20240726_3,3
919.0,131,ac,20240726_3,3
926.0,132,ac,20240726_3,3
933.0,133,ac,20240726_3,3
941.0,134,ac,20240726_3,3
948.0,135,ac,20240726_3,3
955.0,136,ac,20240726_3,3
962.0,137,ac,20240726_3,3
969.0,138,ac,20240726_3,3
976.0,139,ac,20240726_3,3
983.0,140,ac,20240726_3,3
990.0,141,ac,20240726_3,3
997.0,142,ac,20240726_3,3
1004.0,143,ac,20240726_3,3
1011.0,144,ac,20240726_3,3
1018.0,145,ac,20240726_3,3
1025.0,146,ac,20240726_3,3
1032.0,147,ac,20240726_3,3
1039.0,148,ac,20240726_3,3
1046.0,149,ac,20240726_3,3
1053.0,150,ac,20240726_3,3
1060.0,151,ac,20240726_3,3
1067.0,152,ac,20240726_3,3
1074.0,153,ac,20240726_3,3
1081.0,154,ac,20240726_3,3
1088.0,155,ac,20240726_3,3
1095.0,156,ac,20240726_3,3
1102.0,157,ac,20240726_3,3
1109.0,158,ac,20240726_3,3
1116.0,159,ac,20240726_3,3
1123.0,160,ac,20240726_3,3
1130.0,161,ac,20240726_3,3
1137.0,162,ac,20240726_3,3
1144.0,163,ac,20240726_3,3
1151.0,164,ac,20240726_3,3
1158.0,165,ac,20240726_3,3
1165.0,166,ac,20240726_3,3
1172.0,167,ac,20240726_3,3
1179.0,168,ac,20240726_3,3
1186.0,169,ac,20240726_3,3
1193.0,170,ac,20240726_3,3
1200.0,171,ac,20240726_3,3
1207.0,172,ac,20240726_3,3
1214.0,173,ac,20240726_3,3
1221.0,174,ac,20240726_3,3
1228.0,175,ac,20240726_3,3
1235.0,176,ac,20240726_3,3
1242.0,177,ac,20240726_3,3
1249.0,178,ac,20240726_3,3
1256.0,179,ac,20240726_3,3
1263.0,180,ac,20240726_3,3
1270.0,181,ac,20240726_3,3
1277.0,182,ac,20240726_3,3
1284.0,183,ac,20240726_3,3
1291.0,184,ac,20240726_3,3
1298.0,185,ac,20240726_3,3
1305.0,186,ac,20240726_3,3
1312.0,187,ac,20240726_3,3
1320.0,188,ac,20240726_3,3
1327.0,189,ac,20240726_3,3
1334.0,190,ac,20240726_3,3
1341.0,191,ac,20240726_3,3
1348.0,192,ac,20240726_3,3
1355.0,193,ac,20240726_3,3
1362.0,194,ac,20240726_3,3
1369.0,195,ac,20240726_3,3
1376.0,196,ac,20240726_3,3
1383.0,197,ac,20240726_3,3
1390.0,198,ac,20240726_3,3
1397.0,199,ac,20240726_3,3
1404.0,200,ac,20240726_3,3
1411.0,201,ac,20240726_3,3
1418.0,202,ac,20240726_3,3
1425.0,203,ac,20240726_3,3
1432.0,204,ac,20240726_3,3
1439.0,205,ac,20240726_3,3
1446.0,206,ac,20240726_3,3
1453.0,207,ac,20240726_3,3
1460.0,208,ac,20240726_3,3
1467.0,209,ac,20240726_3,3
1474.0,210,ac,20240726_3,3
1481.0,211,ac,20240726_3,3
1488.0,212,ac,20240726_3,3
1495.0,213,ac,20240726_3,3
1502.0,214,ac,20240726_3,3
1509.0,215,ac,20240726_3,3
1516.0,216,ac,20240726_3,3
1523.0,217,ac,20240726_3,3
1530.0,218,ac,20240726_3,3
1537.0,219,ac,20240726_3,3
1544.0,220,ac,20240726_3,3
1551.0,221,ac,20240726_3,3
1558.0,222,ac,20240726_3,3
1565.0,223,ac,20240726_3,3
1572.0,224,ac,20240726_3,3
1579.0,225,ac,20240726_3,3
1586.0,226,ac,20240726_3,3
1593.0,227,ac,20240726_3,3
1600.0,228,ac,20240726_3,3
1607.0,229,ac,20240726_3,3
1614.0,230,ac,20240726_3,3
1621.0,231,ac,20240726_3,3
1628.0,232,ac,20240726_3,3
1635.0,233,ac,20240726_3,3
1642.0,234,ac,20240726_3,3
1649.0,235,ac,20240726_3,3
1656.0,236,ac,20240726_3,3
1663.0,237,ac,20240726_3,3
1670.0,238,ac,20240726_3,3
1677.0,239,ac,20240726_3,3
1684.0,240,ac,20240726_3,3
1691.0,241,ac,20240726_3,3
1699.0,242,ac,20240726_3,3
1706.0,243,ac,20240726_3,3
1713.0,244,ac,20240726_3,3
1720.0,245,ac,20240726_3,3
1727.0,246,ac,20240726_3,3
1734.0,247,ac,20240726_3,3
1741.0,248,ac,20240726_3,3
1748.0,249,ac,20240726_3,3
1755.0,250,ac,20240726_3,3
1762.0,251,ac,20240726_3,3
1769.0,252,ac,20240726_3,3
1769.0,252,ac,20240726_3,3
1776.0,253,ac,20240726_3,3
1783.0,254,ac,20240726_3,3
1790.0,255,ac,20240726_3,3
1797.0,256,ac,20240726_3,3
1804.0,257,ac,20240726_3,3
1811.0,258,ac,20240726_3,3
1818.0,259,ac,20240726_3,3
1825.0,260,ac,20240726_3,3
1832.0,261,ac,20240726_3,3
1839.0,262,ac,20240726_3,3
1846.0,263,ac,20240726_3,3
1853.0,264,ac,20240726_3,3
1860.0,265,ac,20240726_3,3
1867.0,266,ac,20240726_3,3
1874.0,267,ac,20240726_3,3
1881.0,268,ac,20240726_3,3
1888.0,269,ac,20240726_3,3
1895.0,270,ac,20240726_3,3
1902.0,271,ac,20240726_3,3
1909.0,272,ac,20240726_3,3
1916.0,273,ac,20240726_3,3
1923.0,274,ac,20240726_3,3
1930.0,275,ac,20240726_3,3
1937.0,276,ac,20240726_3,3
1944.0,277,ac,20240726_3,3
1951.0,278,ac,20240726_3,3
1958.0,279,ac,20240726_3,3
1965.0,280,ac,20240726_3,3
1972.0,281,ac,20240726_3,3
1979.0,282,ac,20240726_3,3
1986.0,283,ac,20240726_3,3
1993.0,284,ac,20240726_3,3
2000.0,285,ac,20240726_3,3
2007.0,286,ac,20240726_3,3
2014.0,287,ac,20240726_3,3
2021.0,288,ac,20240726_3,3
2028.0,289,ac,20240726_3,3
2035.0,290,ac,20240726_3,3
2042.0,291,ac,20240726_3,3
2049.0,292,ac,20240726_3,3
2056.0,293,ac,20240726_3,3
2063.0,294,ac,20240726_3,3
2071.0,295,ac,20240726_3,3
2078.0,296,ac,20240726_3,3
2085.0,297,ac,20240726_3,3
2092.0,298,ac,20240726_3,3
2099.0,299,ac,20240726_3,3
2106.0,300,ac,20240726_3,3
2113.0,301,ac,20240726_3,3
2120.0,302,ac,20240726_3,3
2127.0,303,ac,20240726_3,3
2134.0,304,ac,20240726_3,3
2141.0,305,ac,20240726_3,3
2148.0,306,ac,20240726_3,3
2155.0,307,ac,20240726_3,3
2162.0,308,ac,20240726_3,3
2169.0,309,ac,20240726_3,3
2176.0,310,ac,20240726_3,3
2183.0,311,ac,20240726_3,3
2190.0,312,ac,20240726_3,3
2197.0,313,ac,20240726_3,3
2204.0,314,ac,20240726_3,3
2211.0,315,ac,20240726_3,3
2218.0,316,ac,20240726_3,3
2225.0,317,ac,20240726_3,3
2232.0,318,ac,20240726_3,3
2239.0,319,ac,20240726_3,3
2246.0,320,ac,20240726_3,3
2253.0,321,ac,20240726_3,3
2260.0,322,ac,20240726_3,3
2267.0,323,ac,20240726_3,3
2274.0,324,ac,20240726_3,3
2281.0,325,ac,20240726_3,3
2288.0,326,ac,20240726_3,3
2295.0,327,ac,20240726_3,3
2302.0,328,ac,20240726_3,3
2309.0,329,ac,20240726_3,3
2316.0,330,ac,20240726_3,3
2323.0,331,ac,20240726_3,3
2330.0,332,ac,20240726_3,3
2337.0,333,ac,20240726_3,3
2344.0,334,ac,20240726_3,3
2351.0,335,ac,20240726_3,3
2358.0,336,ac,20240726_3,3
2365.0,337,ac,20240726_3,3
2372.0,338,ac,20240726_3,3
2379.0,339,ac,20240726_3,3
2386.0,340,ac,20240726_3,3
2393.0,341,ac,20240726_3,3
2400.0,342,ac,20240726_3,3
2407.0,343,ac,20240726_3,3
2414.0,344,ac,20240726_3,3
2421.0,345,ac,20240726_3,3
2428.0,346,ac,20240726_3,3
2435.0,347,ac,20240726_3,3
2442.0,348,ac,20240726_3,3
2450.0,349,ac,20240726_3,3
2457.0,350,ac,20240726_3,3
2464.0,351,ac,20240726_3,3
2471.0,352,ac,20240726_3,3
2478.0,353,ac,20240726_3,3
2485.0,354,ac,20240726_3,3
2492.0,355,ac,20240726_3,3
2499.0,356,ac,20240726_3,3
2506.0,357,ac,20240726_3,3
2513.0,358,ac,20240726_3,3
2520.0,359,ac,20240726_3,3
2527.0,360,ac,20240726_3,3
2534.0,361,ac,20240726_3,3
2541.0,362,ac,20240726_3,3
2548.0,363,ac,20240726_3,3
2555.0,364,ac,20240726_3,3
2562.0,365,ac,20240726_3,3
2569.0,366,ac,20240726_3,3
2576.0,367,ac,20240726_3,3
2583.0,368,ac,20240726_3,3
2590.0,369,ac,20240726_3,3
2597.0,370,ac,20240726_3,3
2604.0,371,ac,20240726_3,3
2611.0,372,ac,20240726_3,3
2618.0,373,ac,20240726_3,3
2625.0,374,ac,20240726_3,3
2632.0,375,ac,20240726_3,3
2639.0,376,ac,20240726_3,3
2646.0,377,ac,20240726_3,3
2653.0,378,ac,20240726_3,3
2660.0,379,ac,20240726_3,3
2667.0,380,ac,20240726_3,3
2674.0,381,ac,20240726_3,3
2681.0,382,ac,20240726_3,3
2688.0,383,ac,20240726_3,3
2695.0,384,ac,20240726_3,3
2702.0,385,ac,20240726_3,3
2709.0,386,ac,20240726_3,3
2716.0,387,ac,20240726_3,3
2723.0,388,ac,20240726_3,3
2730.0,389,ac,20240726_3,3
2737.0,390,ac,20240726_3,3
2744.0,391,ac,20240726_3,3
2751.0,392,ac,20240726_3,3
2758.0,393,ac,20240726_3,3
2765.0,394,ac,20240726_3,3
2772.0,395,ac,20240726_3,3
2779.0,396,ac,20240726_3,3
2786.0,397,ac,20240726_3,3
2793.0,398,ac,20240726_3,3
2800.0,399,ac,20240726_3,3
2807.0,400,ac,20240726_3,3
2814.0,401,ac,20240726_3,3
2822.0,402,ac,20240726_3,3
2829.0,403,ac,20240726_3,3
2836.0,404,ac,20240726_3,3
2843.0,405,ac,20240726_3,3
2850.0,406,ac,20240726_3,3
2857.0,407,ac,20240726_3,3
2864.0,408,ac,20240726_3,3
2871.0,409,ac,20240726_3,3
2878.0,410,ac,20240726_3,3
2885.0,411,ac,20240726_3,3
2892.0,412,ac,20240726_3,3
2899.0,413,ac,20240726_3,3
2906.0,414,ac,20240726_3,3
2913.0,415,ac,20240726_3,3
2920.0,416,ac,20240726_3,3
2927.0,417,ac,20240726_3,3
2934.0,418,ac,20240726_3,3
2941.0,419,ac,20240726_3,3
2948.0,420,ac,20240726_3,3
2955.0,421,ac,20240726_3,3
2962.0,422,ac,20240726_3,3
2969.0,423,ac,20240726_3,3
2976.0,424,ac,20240726_3,3
2983.0,425,ac,20240726_3,3
2990.0,426,ac,20240726_3,3
2997.0,427,ac,20240726_3,3
3004.0,428,ac,20240726_3,3
3011.0,429,ac,20240726_3,3
3018.0,430,ac,20240726_3,3
3025.0,431,ac,20240726_3,3
3032.0,432,ac,20240726_3,3
3039.0,433,ac,20240726_3,3
3046.0,434,ac,20240726_3,3
3053.0,435,ac,20240726_3,3
3060.0,436,ac,20240726_3,3
3067.0,437,ac,20240726_3,3
3074.0,438,ac,20240726_3,3
3081.0,439,ac,20240726_3,3
3088.0,440,ac,20240726_3,3
3095.0,441,ac,20240726_3,3
3102.0,442,ac,20240726_3,3
3109.0,443,ac,20240726_3,3
3116.0,444,ac,20240726_3,3
3123.0,445,ac,20240726_3,3
3130.0,446,ac,20240726_3,3
3137.0,447,ac,20240726_3,3
3144.0,448,ac,20240726_3,3
3151.0,449,ac,20240726_3,3
3158.0,450,ac,20240726_3,3
3165.0,451,ac,20240726_3,3
3172.0,452,ac,20240726_3,3
3179.0,453,ac,20240726_3,3
3186.0,454,ac,20240726_3,3
3193.0,455,ac,20240726_3,3
3201.0,456,ac,20240726_3,3
3208.0,457,ac,20240726_3,3
3215.0,458,ac,20240726_3,3
3222.0,459,ac,20240726_3,3
3229.0,460,ac,20240726_3,3
3236.0,461,ac,20240726_3,3
3243.0,462,ac,20240726_3,3
3250.0,463,ac,20240726_3,3
3257.0,464,ac,20240726_3,3
3264.0,465,ac,20240726_3,3
3271.0,466,ac,20240726_3,3
3278.0,467,ac,20240726_3,3
3285.0,468,ac,20240726_3,3
3292.0,469,ac,20240726_3,3
3299.0,470,ac,20240726_3,3
3306.0,471,ac,20240726_3,3
3313.0,472,ac,20240726_3,3
3320.0,473,ac,20240726_3,3
3327.0,474,ac,20240726_3,3
3334.0,475,ac,20240726_3,3
3341.0,476,ac,20240726_3,3
3348.0,477,ac,20240726_3,3
3355.0,478,ac,20240726_3,3
3362.0,479,ac,20240726_3,3
3369.0,480,ac,20240726_3,3
3376.0,481,ac,20240726_3,3
3383.0,482,ac,20240726_3,3
3390.0,483,ac,20240726_3,3
3397.0,484,ac,20240726_3,3
3404.0,485,ac,20240726_3,3
3411.0,486,ac,20240726_3,3
3418.0,487,ac,20240726_3,3
3425.0,488,ac,20240726_3,3
3432.0,489,ac,20240726_3,3
3439.0,490,ac,20240726_3,3
3446.0,491,ac,20240726_3,3
3453.0,492,ac,20240726_3,3
3460.0,493,ac,20240726_3,3
3467.0,494,ac,20240726_3,3
3474.0,495,ac,20240726_3,3
3481.0,496,ac,20240726_3,3
3488.0,497,ac,20240726_3,3
3495.0,498,ac,20240726_3,3
3502.0,499,ac,20240726_3,3
3509.0,500,ac,20240726_3,3
3516.0,501,ac,20240726_3,3
3523.0,502,ac,20240726_3,3
3530.0,503,ac,20240726_3,3
3537.0,504,ac,20240726_3,3
3544.0,505,ac,20240726_3,3
3551.0,506,ac,20240726_3,3
3558.0,507,ac,20240726_3,3
3565.0,508,ac,20240726_3,3
3573.0,509,ac,20240726_3,3
3580.0,510,ac,20240726_3,3
3587.0,511,ac,20240726_3,3
3594.0,512,ac,20240726_3,3
3601.0,513,ac,20240726_3,3
3608.0,514,ac,20240726_3,3
3615.0,515,ac,20240726_3,3
3622.0,516,ac,20240726_3,3
3629.0,517,ac,20240726_3,3
3636.0,518,ac,20240726_3,3
3643.0,519,ac,20240726_3,3
3650.0,520,ac,20240726_3,3
3657.0,521,ac,20240726_3,3
3664.0,522,ac,20240726_3,3
3671.0,523,ac,20240726_3,3
3678.0,524,ac,20240726_3,3
3685.0,525,ac,20240726_3,3
3692.0,526,ac,20240726_3,3
3699.0,527,ac,20240726_3,3
3706.0,528,ac,20240726_3,3
3713.0,529,ac,20240726_3,3
3720.0,530,ac,20240726_3,3
3727.0,531,ac,20240726_3,3
3734.0,532,ac,20240726_3,3
3741.0,533,ac,20240726_3,3
3748.0,534,ac,20240726_3,3
3755.0,535,ac,20240726_3,3
3762.0,536,ac,20240726_3,3
3769.0,537,ac,20240726_3,3
3776.0,538,ac,20240726_3,3
3783.0,539,ac,20240726_3,3
3790.0,540,ac,20240726_3,3
3797.0,541,ac,20240726_3,3
3804.0,542,ac,20240726_3,3
3811.0,543,ac,20240726_3,3
3818.0,544,ac,20240726_3,3
3825.0,545,ac,20240726_3,3
3832.0,546,ac,20240726_3,3
3839.0,547,ac,20240726_3,3
3846.0,548,ac,20240726_3,3
3853.0,549,ac,20240726_3,3
3860.0,550,ac,20240726_3,3
3867.0,551,ac,20240726_3,3
3874.0,552,ac,20240726_3,3
3881.0,553,ac,20240726_3,3
3888.0,554,ac,20240726_3,3
3895.0,555,ac,20240726_3,3
3902.0,556,ac,20240726_3,3
3909.0,557,ac,20240726_3,3
3916.0,558,ac,20240726_3,3
3923.0,559,ac,20240726_3,3
3930.0,560,ac,20240726_3,3
3937.0,561,ac,20240726_3,3
3944.0,562,ac,20240726_3,3
3952.0,563,ac,20240726_3,3
3959.0,564,ac,20240726_3,3
3966.0,565,ac,20240726_3,3
3973.0,566,ac,20240726_3,3
3980.0,567,ac,20240726_3,3
3987.0,568,ac,20240726_3,3
3994.0,569,ac,20240726_3,3
4001.0,570,ac,20240726_3,3
4008.0,571,ac,20240726_3,3
4015.0,572,ac,20240726_3,3
4022.0,573,ac,20240726_3,3
4029.0,574,ac,20240726_3,3
4036.0,575,ac,20240726_3,3
4043.0,576,ac,20240726_3,3
4050.0,577,ac,20240726_3,3
4057.0,578,ac,20240726_3,3
4064.0,579,ac,20240726_3,3
4071.0,580,ac,20240726_3,3
4078.0,581,ac,20240726_3,3
4085.0,582,ac,20240726_3,3
4092.0,583,ac,20240726_3,3
4099.0,584,ac,20240726_3,3
4106.0,585,ac,20240726_3,3
4113.0,586,ac,20240726_3,3
4120.0,587,ac,20240726_3,3
4127.0,588,ac,20240726_3,3
4134.0,589,ac,20240726_3,3
4141.0,590,ac,20240726_3,3
4148.0,591,ac,20240726_3,3
4155.0,592,ac,20240726_3,3
4162.0,593,ac,20240726_3,3
4169.0,594,ac,20240726_3,3
4176.0,595,ac,20240726_3,3
4183.0,596,ac,20240726_3,3
4190.0,597,ac,20240726_3,3
4197.0,598,ac,20240726_3,3
4204.0,599,ac,20240726_3,3
4211.0,600,ac,20240726_3,3
4218.0,601,ac,20240726_3,3
4225.0,602,ac,20240726_3,3
4232.0,603,ac,20240726_3,3
4239.0,604,ac,20240726_3,3
4246.0,605,ac,20240726_3,3
4253.0,606,ac,20240726_3,3
4260.0,607,ac,20240726_3,3
4267.0,608,ac,20240726_3,3
4274.0,609,ac,20240726_3,3
4281.0,610,ac,20240726_3,3
4288.0,611,ac,20240726_3,3
4295.0,612,ac,20240726_3,3
4302.0,613,ac,20240726_3,3
4309.0,614,ac,20240726_3,3
4316.0,615,ac,20240726_3,3
4324.0,616,ac,20240726_3,3
4331.0,617,ac,20240726_3,3
4338.0,618,ac,20240726_3,3
4345.0,619,ac,20240726_3,3
4352.0,620,ac,20240726_3,3
4359.0,621,ac,20240726_3,3
4366.0,622,ac,20240726_3,3
4373.0,623,ac,20240726_3,3
4380.0,624,ac,20240726_3,3
4387.0,625,ac,20240726_3,3
4394.0,626,ac,20240726_3,3
4401.0,627,ac,20240726_3,3
4408.0,628,ac,20240726_3,3
4415.0,629,ac,20240726_3,3
4422.0,630,ac,20240726_3,3
4429.0,631,ac,20240726_3,3
4436.0,632,ac,20240726_3,3
4443.0,633,ac,20240726_3,3
4450.0,634,ac,20240726_3,3
4457.0,635,ac,20240726_3,3
4464.0,636,ac,20240726_3,3
4471.0,637,ac,20240726_3,3
4478.0,638,ac,20240726_3,3
4485.0,639,ac,20240726_3,3
4492.0,640,ac,20240726_3,3
4499.0,641,ac,20240726_3,3
4506.0,642,ac,20240726_3,3
4513.0,643,ac,20240726_3,3
4520.0,644,ac,20240726_3,3
4527.0,645,ac,20240726_3,3
4534.0,646,ac,20240726_3,3
4541.0,647,ac,20240726_3,3
4548.0,648,ac,20240726_3,3
4555.0,649,ac,20240726_3,3
4562.0,650,ac,20240726_3,3
4569.0,651,ac,20240726_3,3
4576.0,652,ac,20240726_3,3
4583.0,653,ac,20240726_3,3
4590.0,654,ac,20240726_3,3
4597.0,655,ac,20240726_3,3
4604.0,656,ac,20240726_3,3
4611.0,657,ac,20240726_3,3
4618.0,658,ac,20240726_3,3
4625.0,659,ac,20240726_3,3
4632.0,660,ac,20240726_3,3
4639.0,661,ac,20240726_3,3
4646.0,662,ac,20240726_3,3
4653.0,663,ac,20240726_3,3
4660.0,664,ac,20240726_3,3
4667.0,665,ac,20240726_3,3
4674.0,666,ac,20240726_3,3
4681.0,667,ac,20240726_3,3
4688.0,668,ac,20240726_3,3
4695.0,669,ac,20240726_3,3
4703.0,670,ac,20240726_3,3
4710.0,671,ac,20240726_3,3
4717.0,672,ac,20240726_3,3
4724.0,673,ac,20240726_3,3
4731.0,674,ac,20240726_3,3
4738.0,675,ac,20240726_3,3
4745.0,676,ac,20240726_3,3
4752.0,677,ac,20240726_3,3
4759.0,678,ac,20240726_3,3
4766.0,679,ac,20240726_3,3
4773.0,680,ac,20240726_3,3
4780.0,681,ac,20240726_3,3
4787.0,682,ac,20240726_3,3
4794.0,683,ac,20240726_3,3
4801.0,684,ac,20240726_3,3
4808.0,685,ac,20240726_3,3
4815.0,686,ac,20240726_3,3
4822.0,687,ac,20240726_3,3
4829.0,688,ac,20240726_3,3
4836.0,689,ac,20240726_3,3
4843.0,690,ac,20240726_3,3
4850.0,691,ac,20240726_3,3
4857.0,692,ac,20240726_3,3
4864.0,693,ac,20240726_3,3
4871.0,694,ac,20240726_3,3
4878.0,695,ac,20240726_3,3
4885.0,696,ac,20240726_3,3
4892.0,697,ac,20240726_3,3
4899.0,698,ac,20240726_3,3
4906.0,699,ac,20240726_3,3
4913.0,700,ac,20240726_3,3
4920.0,701,ac,20240726_3,3
4927.0,702,ac,20240726_3,3
4934.0,703,ac,20240726_3,3
4941.0,704,ac,20240726_3,3
4948.0,705,ac,20240726_3,3
4955.0,706,ac,20240726_3,3
4962.0,707,ac,20240726_3,3
4969.0,708,ac,20240726_3,3
4976.0,709,ac,20240726_3,3
4983.0,710,ac,20240726_3,3
4990.0,711,ac,20240726_3,3
4997.0,712,ac,20240726_3,3
5004.0,713,ac,20240726_3,3
5011.0,714,ac,20240726_3,3
5018.0,715,ac,20240726_3,3
5025.0,716,ac,20240726_3,3
5032.0,717,ac,20240726_3,3
5039.0,718,ac,20240726_3,3
5046.0,719,ac,20240726_3,3
5053.0,720,ac,20240726_3,3
5060.0,721,ac,20240726_3,3
5067.0,722,ac,20240726_3,3
5074.0,723,ac,20240726_3,3
5082.0,724,ac,20240726_3,3
5089.0,725,ac,20240726_3,3
5096.0,726,ac,20240726_3,3
5103.0,727,ac,20240726_3,3
5110.0,728,ac,20240726_3,3
5117.0,729,ac,20240726_3,3
5124.0,730,ac,20240726_3,3
5131.0,731,ac,20240726_3,3
5138.0,732,ac,20240726_3,3
5145.0,733,ac,20240726_3,3
5152.0,734,ac,20240726_3,3
5159.0,735,ac,20240726_3,3
5166.0,736,ac,20240726_3,3
5173.0,737,ac,20240726_3,3
5180.0,738,ac,20240726_3,3
5187.0,739,ac,20240726_3,3
5194.0,740,ac,20240726_3,3
5201.0,741,ac,20240726_3,3
5208.0,742,ac,20240726_3,3
5215.0,743,ac,20240726_3,3
5222.0,744,ac,20240726_3,3
5229.0,745,ac,20240726_3,3
5236.0,746,ac,20240726_3,3
5243.0,747,ac,20240726_3,3
5250.0,748,ac,20240726_3,3
5257.0,749,ac,20240726_3,3
5264.0,750,ac,20240726_3,3
5271.0,751,ac,20240726_3,3
5278.0,752,ac,20240726_3,3
5285.0,753,ac,20240726_3,3
5292.0,754,ac,20240726_3,3
5299.0,755,ac,20240726_3,3
5306.0,756,ac,20240726_3,3
5313.0,757,ac,20240726_3,3
5320.0,758,ac,20240726_3,3
5327.0,759,ac,20240726_3,3
5334.0,760,ac,20240726_3,3
5341.0,761,ac,20240726_3,3
5348.0,762,ac,20240726_3,3
5355.0,763,ac,20240726_3,3
5362.0,764,ac,20240726_3,3
5369.0,765,ac,20240726_3,3
5376.0,766,ac,20240726_3,3
5383.0,767,ac,20240726_3,3
5390.0,768,ac,20240726_3,3
5397.0,769,ac,20240726_3,3
5404.0,770,ac,20240726_3,3
5411.0,771,ac,20240726_3,3
5418.0,772,ac,20240726_3,3
5425.0,773,ac,20240726_3,3
5432.0,774,ac,20240726_3,3
5439.0,775,ac,20240726_3,3
5446.0,776,ac,20240726_3,3
5454.0,777,ac,20240726_3,3
5461.0,778,ac,20240726_3,3
5468.0,779,ac,20240726_3,3
5475.0,780,ac,20240726_3,3
5482.0,781,ac,20240726_3,3
5489.0,782,ac,20240726_3,3
5496.0,783,ac,20240726_3,3
5503.0,784,ac,20240726_3,3
5510.0,785,ac,20240726_3,3
5517.0,786,ac,20240726_3,3
5524.0,787,ac,20240726_3,3
5531.0,788,ac,20240726_3,3
5538.0,789,ac,20240726_3,3
5545.0,790,ac,20240726_3,3
5552.0,791,ac,20240726_3,3
5559.0,792,ac,20240726_3,3
5566.0,793,ac,20240726_3,3
5573.0,794,ac,20240726_3,3
5580.0,795,ac,20240726_3,3
5587.0,796,ac,20240726_3,3
5594.0,797,ac,20240726_3,3
5601.0,798,ac,20240726_3,3
5608.0,799,ac,20240726_3,3
5615.0,800,ac,20240726_3,3
5622.0,801,ac,20240726_3,3
5629.0,802,ac,20240726_3,3
5636.0,803,ac,20240726_3,3
5643.0,804,ac,20240726_3,3
5650.0,805,ac,20240726_3,3
5657.0,806,ac,20240726_3,3
5664.0,807,ac,20240726_3,3
5671.0,808,ac,20240726_3,3
5678.0,809,ac,20240726_3,3
5685.0,810,ac,20240726_3,3
5692.0,811,ac,20240726_3,3
5699.0,812,ac,20240726_3,3
5706.0,813,ac,20240726_3,3
5713.0,814,ac,20240726_3,3
5720.0,815,ac,20240726_3,3
5727.0,816,ac,20240726_3,3
5734.0,817,ac,20240726_3,3
5741.0,818,ac,20240726_3,3
5748.0,819,ac,20240726_3,3
5755.0,820,ac,20240726_3,3
5762.0,821,ac,20240726_3,3
5769.0,822,ac,20240726_3,3
5776.0,823,ac,20240726_3,3
5783.0,824,ac,20240726_3,3
5790.0,825,ac,20240726_3,3
5797.0,826,ac,20240726_3,3
5804.0,827,ac,20240726_3,3
5811.0,828,ac,20240726_3,3
5818.0,829,ac,20240726_3,3
5825.0,830,ac,20240726_3,3
5833.0,831,ac,20240726_3,3
5840.0,832,ac,20240726_3,3
5847.0,833,ac,20240726_3,3
5854.0,834,ac,20240726_3,3
5861.0,835,ac,20240726_3,3
5868.0,836,ac,20240726_3,3
5875.0,837,ac,20240726_3,3
5882.0,838,ac,20240726_3,3
5889.0,839,ac,20240726_3,3
5896.0,840,ac,20240726_3,3
5903.0,841,ac,20240726_3,3
5910.0,842,ac,20240726_3,3
5917.0,843,ac,20240726_3,3
5924.0,844,ac,20240726_3,3
5931.0,845,ac,20240726_3,3
5938.0,846,ac,20240726_3,3
5945.0,847,ac,20240726_3,3
5952.0,848,ac,20240726_3,3
5959.0,849,ac,20240726_3,3
5966.0,850,ac,20240726_3,3
5973.0,851,ac,20240726_3,3
5980.0,852,ac,20240726_3,3
