CHAINAGE,LRP_OFFSET,LRP_NUMBER,FRAME,GPS_TIME,X,Y,Z,HEADING,PITCH,ROLL
330.0,330.0,0,47,0,100.49059889366882,13.856109091467513,0,0,0,0
337.0,337.0,0,48,0,100.49055277457805,13.856105667798685,0,0,0,0
344.0,344.0,0,49,0,100.49050676101238,13.856101085275103,0,0,0,0
351.0,351.0,0,50,0,100.49046088613437,13.856095326408578,0,0,0,0
358.0,358.0,0,51,0,100.49041517232652,13.85608845169177,0,0,0,0
365.0,365.0,0,52,0,100.49036963711325,13.85608052505945,0,0,0,0
372.0,372.0,0,53,0,100.49032431725354,13.856071498380452,0,0,0,0
379.0,379.0,0,54,0,100.4902792569665,13.856061306844772,0,0,0,0
386.0,386.0,0,55,0,100.4902344856204,13.856049963859322,0,0,0,0
393.0,393.0,0,56,0,100.49019002713455,13.856037501768062,0,0,0,0
400.0,400.0,0,57,0,100.49014591833142,13.856023904765713,0,0,0,0
407.0,407.0,0,58,0,100.49010217221847,13.856009231357525,0,0,0,0
414.0,414.0,0,59,0,100.49005879897311,13.855993536547954,0,0,0,0
421.0,421.0,0,60,0,100.49001583328987,13.855976806384128,0,0,0,0
428.0,428.0,0,61,0,100.48997333096135,13.855958981801189,0,0,0,0
435.0,435.0,0,62,0,100.48993125093725,13.855940224091471,0,0,0,0
442.0,442.0,0,63,0,100.48988956490355,13.855920644365925,0,0,0,0
449.0,449.0,0,64,0,100.4898482978812,13.85590023522411,0,0,0,0
456.0,456.0,0,65,0,100.48980750971646,13.855878927073618,0,0,0,0
463.0,463.0,0,66,0,100.48976721128686,13.855856747027126,0,0,0,0
470.0,470.0,0,67,0,100.48972741799152,13.855833712792412,0,0,0,0
477.0,477.0,0,68,0,100.48968811391968,13.855809889762984,0,0,0,0
484.0,484.0,0,69,0,100.48964928962653,13.855785327305906,0,0,0,0
491.0,491.0,0,70,0,100.4896110299772,13.855759933505897,0,0,0,0
498.0,498.0,0,71,0,100.4895733826937,13.855733680294628,0,0,0,0
505.0,505.0,0,72,0,100.48953635621608,13.855706597539204,0,0,0,0
512.0,512.0,0,73,0,100.48950002216502,13.855678634002562,0,0,0,0
519.0,519.0,0,74,0,100.4894644254874,13.855649779182993,0,0,0,0
526.0,526.0,0,75,0,100.4894295635261,13.855620080197347,0,0,0,0
533.0,533.0,0,76,0,100.48939542008972,13.855589594698097,0,0,0,0
540.0,540.0,0,77,0,100.48936203402255,13.855558318592658,0,0,0,0
547.0,547.0,0,78,0,100.48932941998565,13.855526274329867,0,0,0,0
554.0,554.0,0,79,0,100.48929758592926,13.855493489370772,0,0,0,0
561.0,561.0,0,80,0,100.48926641330497,13.85546010283673,0,0,0,0
569.0,569.0,0,81,0,0.0,0.0,0,0,0,0
576.0,576.0,0,82,0,0.0,0.0,0,0,0,0
583.0,583.0,0,83,0,0.0,0.0,0,0,0,0
590.0,590.0,0,84,0,0.0,0.0,0,0,0,0
597.0,597.0,0,85,0,0.0,0.0,0,0,0,0
604.0,604.0,0,86,0,100.48908577615899,13.85525426327347,0,0,0,0
611.0,611.0,0,87,0,100.48905573038171,13.855219903562613,0,0,0,0
618.0,618.0,0,88,0,100.48902555826919,13.85518564997615,0,0,0,0
625.0,625.0,0,89,0,100.48899522382132,13.85515153351275,0,0,0,0
632.0,632.0,0,90,0,100.48896470289942,13.855117576192688,0,0,0,0
639.0,639.0,0,91,0,100.48893396087722,13.855083809967024,0,0,0,0
646.0,646.0,0,92,0,100.48890296225818,13.85505026854698,0,0,0,0
653.0,653.0,0,93,0,100.48887165382085,13.855017003121507,0,0,0,0
660.0,660.0,0,94,0,100.48883995260815,13.854984094892641,0,0,0,0
667.0,667.0,0,95,0,100.48880781033506,13.85495159777772,0,0,0,0
674.0,674.0,0,96,0,100.48877515881452,13.854919589235275,0,0,0,0
681.0,681.0,0,97,0,100.48874193275167,13.85488815053227,0,0,0,0
688.0,688.0,0,98,0,100.48870799080319,13.854857451279447,0,0,0,0
695.0,695.0,0,99,0,100.48867324373641,13.854827624476176,0,0,0,0
702.0,702.0,0,100,0,100.4886376565913,13.854798759597422,0,0,0,0
709.0,709.0,0,101,0,100.48860113071757,13.85477103740942,0,0,0,0
716.0,716.0,0,102,0,100.48856362731948,13.854744591044458,0,0,0,0
723.0,723.0,0,103,0,100.48852517825513,13.854719474286325,0,0,0,0
730.0,730.0,0,104,0,100.48848585811521,13.85469567923441,0,0,0,0
737.0,737.0,0,105,0,100.48844575255629,13.854673170309479,0,0,0,0
744.0,744.0,0,106,0,100.48840492088198,13.854651944050335,0,0,0,0
751.0,751.0,0,107,0,100.48836344656502,13.854631941925593,0,0,0,0
758.0,758.0,0,108,0,100.48832140926518,13.85461309499423,0,0,0,0
765.0,765.0,0,109,0,100.4882788401519,13.854595424537692,0,0,0,0
772.0,772.0,0,110,0,100.48823575780904,13.85457898515235,0,0,0,0
779.0,779.0,0,111,0,100.4881921788263,13.854563847062634,0,0,0,0
786.0,786.0,0,112,0,100.48814813038483,13.854550067412044,0,0,0,0
793.0,793.0,0,113,0,100.48810362907523,13.85453775674481,0,0,0,0
800.0,800.0,0,114,0,100.4880587027898,13.854527020182129,0,0,0,0
807.0,807.0,0,115,0,100.48801340102699,13.854517914875405,0,0,0,0
814.0,814.0,0,116,0,100.48796778391197,13.854510461457775,0,0,0,0
821.0,821.0,0,117,0,100.48792192038562,13.854504627667168,0,0,0,0
828.0,828.0,0,118,0,100.48787587574392,13.85450036677088,0,0,0,0
835.0,835.0,0,119,0,100.48782970990077,13.854497629132021,0,0,0,0
842.0,842.0,0,120,0,100.48778347553345,13.854496430012865,0,0,0,0
849.0,849.0,0,121,0,100.487737226044,13.854496783714499,0,0,0,0
856.0,856.0,0,122,0,100.48769101243856,13.854498603817323,0,0,0,0
863.0,863.0,0,123,0,100.48764486970047,13.854501705314135,0,0,0,0
870.0,870.0,0,124,0,100.48759880949882,13.854505819568145,0,0,0,0
877.0,877.0,0,125,0,100.48755282665309,13.854510693029207,0,0,0,0
884.0,884.0,0,126,0,100.48750692739925,13.854516267949691,0,0,0,0
891.0,891.0,0,127,0,100.48746112140749,13.854522533357917,0,0,0,0
898.0,898.0,0,128,0,100.48741539018715,13.85452930154887,0,0,0,0
905.0,905.0,0,129,0,100.48736970975939,13.854536390182043,0,0,0,0
912.0,912.0,0,130,0,100.48732407960257,13.85454378148944,0,0,0,0
919.0,919.0,0,131,0,100.48727850636364,13.854551500485128,0,0,0,0
926.0,926.0,0,132,0,100.4872330004541,13.854559589705879,0,0,0,0
933.0,933.0,0,133,0,100.48718757868124,13.854568118034402,0,0,0,0
941.0,941.0,0,134,0,100.48714225794862,13.854577144767827,0,0,0,0
948.0,948.0,0,135,0,100.48709703673079,13.854586636612474,0,0,0,0
955.0,955.0,0,136,0,100.4870518880805,13.85459645299189,0,0,0,0
962.0,962.0,0,137,0,100.48700680426353,13.854606549812646,0,0,0,0
969.0,969.0,0,138,0,100.48696178821474,13.854616931350517,0,0,0,0
976.0,976.0,0,139,0,100.48691682932201,13.854627546879616,0,0,0,0
983.0,983.0,0,140,0,100.48687190748561,13.854638311216243,0,0,0,0
990.0,990.0,0,141,0,100.48682700567042,13.854649155059432,0,0,0,0
997.0,997.0,0,142,0,100.48678213049183,13.854660103659311,0,0,0,0
1004.0,1004.0,0,143,0,100.48673728055998,13.854671150596214,0,0,0,0
1011.0,1011.0,0,144,0,100.48669245188273,13.854682279614687,0,0,0,0
1018.0,1018.0,0,145,0,100.4866476523434,13.854693520039424,0,0,0,0
1025.0,1025.0,0,146,0,100.48660289437397,13.854704917439532,0,0,0,0
1032.0,1032.0,0,147,0,100.48655817077626,13.854716443005188,0,0,0,0
1039.0,1039.0,0,148,0,100.48651346803011,13.854728045546777,0,0,0,0
1046.0,1046.0,0,149,0,100.48646878955704,13.854739736988321,0,0,0,0
1053.0,1053.0,0,150,0,100.48642414079752,13.85475153631868,0,0,0,0
1060.0,1060.0,0,151,0,100.48637952308925,13.854763447210413,0,0,0,0
1067.0,1067.0,0,152,0,100.48633495348155,13.854775528703316,0,0,0,0
1074.0,1074.0,0,153,0,100.48629045313453,13.854787851463199,0,0,0,0
1081.0,1081.0,0,154,0,100.4862460317225,13.854800443158247,0,0,0,0
1088.0,1088.0,0,155,0,100.48620170073288,13.854813335444932,0,0,0,0
1095.0,1095.0,0,156,0,100.48615746260266,13.854826528863235,0,0,0,0
1102.0,1102.0,0,157,0,100.48611329583647,13.85483994874007,0,0,0,0
1109.0,1109.0,0,158,0,100.486069170302,13.854853497521834,0,0,0,0
1116.0,1116.0,0,159,0,100.48602507186708,13.854867130270119,0,0,0,0
1123.0,1123.0,0,160,0,100.48598099686627,13.854880835195152,0,0,0,0
1130.0,1130.0,0,161,0,100.48593693465273,13.854894579341119,0,0,0,0
1137.0,1137.0,0,162,0,100.48589285970743,13.854908284404402,0,0,0,0
1144.0,1144.0,0,163,0,100.48584874802928,13.854921876200866,0,0,0,0
1151.0,1151.0,0,164,0,100.48580460192287,13.854935360849096,0,0,0,0
1158.0,1158.0,0,165,0,100.48576041058413,13.854948703245997,0,0,0,0
1165.0,1165.0,0,166,0,100.48571616855953,13.854961884349997,0,0,0,0
1172.0,1172.0,0,167,0,100.4856718887242,13.854974943739393,0,0,0,0
1179.0,1179.0,0,168,0,100.4856275772677,13.854987900337566,0,0,0,0
1186.0,1186.0,0,169,0,100.48558324151445,13.855000777397958,0,0,0,0
1193.0,1193.0,0,170,0,100.48553889453642,13.855013617498964,0,0,0,0
1200.0,1200.0,0,171,0,100.48549453077176,13.855026402078856,0,0,0,0
1207.0,1207.0,0,172,0,100.48545014710622,13.855039120612,0,0,0,0
1214.0,1214.0,0,173,0,100.4854057696879,13.855051859901664,0,0,0,0
1221.0,1221.0,0,174,0,100.48536140730545,13.855064649143028,0,0,0,0
1228.0,1228.0,0,175,0,100.48531704665061,13.855077444144277,0,0,0,0
1235.0,1235.0,0,176,0,100.48527268828853,13.855090246666979,0,0,0,0
1242.0,1242.0,0,177,0,100.48522833410912,13.85510306300662,0,0,0,0
1249.0,1249.0,0,178,0,100.48518399179679,13.855115918506023,0,0,0,0
1256.0,1256.0,0,179,0,100.48513965901917,13.855128805467253,0,0,0,0
1263.0,1263.0,0,180,0,100.48509532410992,13.855141685471965,0,0,0,0
1270.0,1270.0,0,181,0,100.48505098423749,13.855154549141677,0,0,0,0
1277.0,1277.0,0,182,0,100.48500663141917,13.855167370087257,0,0,0,0
1284.0,1284.0,0,183,0,100.48496226139878,13.855180134072935,0,0,0,0
1291.0,1291.0,0,184,0,100.48491787877241,13.855192856179206,0,0,0,0
1298.0,1298.0,0,185,0,100.48487349275686,13.855205567022326,0,0,0,0
1305.0,1305.0,0,186,0,100.48482911476579,13.855218304604138,0,0,0,0
1312.0,1312.0,0,187,0,100.4847847502126,13.85523108679547,0,0,0,0
1320.0,1320.0,0,188,0,100.484740396743,13.855243905649075,0,0,0,0
1327.0,1327.0,0,189,0,100.48469605694214,13.855256769555917,0,0,0,0
1334.0,1334.0,0,190,0,100.48465173223244,13.855269682996894,0,0,0,0
1341.0,1341.0,0,191,0,100.48460741601903,13.855282624330039,0,0,0,0
1348.0,1348.0,0,192,0,100.484563102698,13.855295575104012,0,0,0,0
1355.0,1355.0,0,193,0,100.4845187920277,13.855308534548971,0,0,0,0
1362.0,1362.0,0,194,0,100.48447448762299,13.855321514350566,0,0,0,0
1369.0,1369.0,0,195,0,100.48443018870309,13.855334512039855,0,0,0,0
1376.0,1376.0,0,196,0,100.48438589525948,13.855347527510542,0,0,0,0
1383.0,1383.0,0,197,0,100.48434159936129,13.855360535003731,0,0,0,0
1390.0,1390.0,0,198,0,100.48429728242932,13.855373473953588,0,0,0,0
1397.0,1397.0,0,199,0,100.4842529398467,13.855386328694847,0,0,0,0
1404.0,1404.0,0,200,0,100.4842085630759,13.85539907022344,0,0,0,0
1411.0,1411.0,0,201,0,100.48416415136187,13.855411695053252,0,0,0,0
1418.0,1418.0,0,202,0,100.48411972956187,13.855424286011639,0,0,0,0
1425.0,1425.0,0,203,0,100.48407530713493,13.855436874826001,0,0,0,0
1432.0,1432.0,0,204,0,100.4840308667263,13.855449402962416,0,0,0,0
1439.0,1439.0,0,205,0,100.48398641801224,13.855461902926466,0,0,0,0
1446.0,1446.0,0,206,0,100.4839419826439,13.855474448187149,0,0,0,0
1453.0,1453.0,0,207,0,100.48389755626732,13.85548702369023,0,0,0,0
1460.0,1460.0,0,208,0,100.48385313143531,13.85549960442528,0,0,0,0
1467.0,1467.0,0,209,0,100.4838086957512,13.855512148554281,0,0,0,0
1474.0,1474.0,0,210,0,100.48376419748301,13.855524478812908,0,0,0,0
1481.0,1481.0,0,211,0,100.48371959085337,13.855536429190646,0,0,0,0
1488.0,1488.0,0,212,0,100.48367486298093,13.855547938444062,0,0,0,0
1495.0,1495.0,0,213,0,100.4836299927693,13.855558905646532,0,0,0,0
1502.0,1502.0,0,214,0,100.48358497620532,13.855569284407318,0,0,0,0
1509.0,1509.0,0,215,0,100.48353980671133,13.855579007389725,0,0,0,0
1516.0,1516.0,0,216,0,100.4834944692429,13.855587952415855,0,0,0,0
1523.0,1523.0,0,217,0,100.4834489620464,13.855596032236333,0,0,0,0
1530.0,1530.0,0,218,0,100.48340329474051,13.855603197252982,0,0,0,0
1537.0,1537.0,0,219,0,100.48335747467408,13.855609360042752,0,0,0,0
1544.0,1544.0,0,220,0,100.48331151404201,13.855614423937544,0,0,0,0
1551.0,1551.0,0,221,0,100.48326542923887,13.85561826004957,0,0,0,0
1558.0,1558.0,0,222,0,100.4832192493365,13.855620770976993,0,0,0,0
1565.0,1565.0,0,223,0,100.4831730104992,13.85562181035715,0,0,0,0
1572.0,1572.0,0,224,0,100.48312676096076,13.85562140439886,0,0,0,0
1579.0,1579.0,0,225,0,100.48308054386678,13.855619661169026,0,0,0,0
1586.0,1586.0,0,226,0,100.48303439734069,13.855616616527058,0,0,0,0
1593.0,1593.0,0,227,0,100.48298835451234,13.855612324635175,0,0,0,0
1600.0,1600.0,0,228,0,100.48294243441737,13.855606919170574,0,0,0,0
1607.0,1607.0,0,229,0,100.48289665332837,13.855600485231884,0,0,0,0
1614.0,1614.0,0,230,0,100.48285103513672,13.855593028290702,0,0,0,0
1621.0,1621.0,0,231,0,100.48280560290925,13.855584556823233,0,0,0,0
1628.0,1628.0,0,232,0,100.48276039224295,13.855575021114504,0,0,0,0
1635.0,1635.0,0,233,0,100.48271543936636,13.855564385591169,0,0,0,0
1642.0,1642.0,0,234,0,100.48267078040423,13.855552627485324,0,0,0,0
1649.0,1649.0,0,235,0,100.48262644982614,13.855539737793444,0,0,0,0
1656.0,1656.0,0,236,0,100.48258246991657,13.855525747665956,0,0,0,0
1663.0,1663.0,0,237,0,100.48253886325038,13.85551068384389,0,0,0,0
1670.0,1670.0,0,238,0,100.48249565715007,13.855494555520497,0,0,0,0
1677.0,1677.0,0,239,0,100.48245288443805,13.855477359554087,0,0,0,0
1684.0,1684.0,0,240,0,100.48241057721293,13.855459097645591,0,0,0,0
1691.0,1691.0,0,241,0,100.48236876564305,13.855439776270332,0,0,0,0
1699.0,1699.0,0,242,0,100.48232745447865,13.855419453340213,0,0,0,0
1706.0,1706.0,0,243,0,100.48228667682234,13.855398126619345,0,0,0,0
1713.0,1713.0,0,244,0,100.48224645986339,13.855375806676339,0,0,0,0
1720.0,1720.0,0,245,0,100.48220684679137,13.855352478688769,0,0,0,0
1727.0,1727.0,0,246,0,100.48216787791536,13.855328136893137,0,0,0,0
1734.0,1734.0,0,247,0,100.48212959045354,13.855302783841942,0,0,0,0
1741.0,1741.0,0,248,0,100.48209201213659,13.855276437363182,0,0,0,0
1748.0,1748.0,0,249,0,100.48205516195965,13.855249126557242,0,0,0,0
1755.0,1755.0,0,250,0,100.48201903270918,13.855220910799243,0,0,0,0
1762.0,1762.0,0,251,0,100.48198359304925,13.855191872103251,0,0,0,0
1769.0,1769.0,0,252,0,100.48194888144025,13.85516200561243,0,0,0,0
1769.0,1769.0,0,252,0,100.48194888144025,13.85516200561243,0,0,0,0
1776.0,1776.0,0,253,0,100.4819148503775,13.855131400292038,0,0,0,0
1783.0,1783.0,0,254,0,100.4818814052421,13.855100184007235,0,0,0,0
1790.0,1790.0,0,255,0,100.48184843367301,13.855068490182184,0,0,0,0
1797.0,1797.0,0,256,0,100.48181589560102,13.8550363714929,0,0,0,0
1804.0,1804.0,0,257,0,100.4817838194933,13.855003812301767,0,0,0,0
1811.0,1811.0,0,258,0,100.48175221813807,13.854970812830587,0,0,0,0
1818.0,1818.0,0,259,0,100.48172105747044,13.854937415596424,0,0,0,0
1825.0,1825.0,0,260,0,100.48169029225845,13.854903670076148,0,0,0,0
1832.0,1832.0,0,261,0,100.48165987864432,13.854869621577032,0,0,0,0
1839.0,1839.0,0,262,0,100.48162976033962,13.854835323277403,0,0,0,0
1846.0,1846.0,0,263,0,100.48159982248993,13.854800874396838,0,0,0,0
1853.0,1853.0,0,264,0,100.48156994507185,13.854766375420134,0,0,0,0
1860.0,1860.0,0,265,0,100.48154004291364,13.85473189693338,0,0,0,0
1867.0,1867.0,0,266,0,100.4815100643709,13.85469748184555,0,0,0,0
1874.0,1874.0,0,267,0,100.4814799937229,13.854663143599343,0,0,0,0
1881.0,1881.0,0,268,0,100.48144978003178,13.85462892546786,0,0,0,0
1888.0,1888.0,0,269,0,100.48141947566619,13.854594783918182,0,0,0,0
1895.0,1895.0,0,270,0,100.48138926076824,13.854560566782274,0,0,0,0
1902.0,1902.0,0,271,0,100.48135918782192,13.854526230442177,0,0,0,0
1909.0,1909.0,0,272,0,100.48132918390017,13.854491836456557,0,0,0,0
1916.0,1916.0,0,273,0,100.48129917586893,13.854457445875312,0,0,0,0
1923.0,1923.0,0,274,0,100.48126911556426,13.8544230988627,0,0,0,0
1930.0,1930.0,0,275,0,100.48123900657512,13.854388792584503,0,0,0,0
1937.0,1937.0,0,276,0,100.48120884674765,13.854354528944784,0,0,0,0
1944.0,1944.0,0,277,0,100.48117864155927,13.854320303445611,0,0,0,0
1951.0,1951.0,0,278,0,100.48114841777927,13.854286093623672,0,0,0,0
1958.0,1958.0,0,279,0,100.48111819396489,13.85425188382468,0,0,0,0
1965.0,1965.0,0,280,0,100.48108798678525,13.854217659948239,0,0,0,0
1972.0,1972.0,0,281,0,100.48105780444706,13.854183415153173,0,0,0,0
1979.0,1979.0,0,282,0,100.48102768059294,13.854149121255231,0,0,0,0
1986.0,1986.0,0,283,0,100.4809976219016,13.854114772812434,0,0,0,0
1993.0,1993.0,0,284,0,100.48096758546008,13.854080405768256,0,0,0,0
2000.0,2000.0,0,285,0,100.48093754518082,13.854046041928807,0,0,0,0
2007.0,2007.0,0,286,0,100.48090747764272,13.85401170086775,0,0,0,0
2014.0,2014.0,0,287,0,100.48087738526121,13.853977380562709,0,0,0,0
2021.0,2021.0,0,288,0,100.48084729915182,13.853943055017496,0,0,0,0
2028.0,2028.0,0,289,0,100.48081722038187,13.853908723362647,0,0,0,0
2035.0,2035.0,0,290,0,100.48078710835337,13.853874419534344,0,0,0,0
2042.0,2042.0,0,291,0,100.48075695823417,13.853840147685723,0,0,0,0
2049.0,2049.0,0,292,0,100.48072679340686,13.853805888219737,0,0,0,0
2056.0,2056.0,0,293,0,100.48069660970035,13.853771644633362,0,0,0,0
2063.0,2063.0,0,294,0,100.48066641075266,13.853737413874788,0,0,0,0
2071.0,2071.0,0,295,0,100.4806361915449,13.853703200221405,0,0,0,0
2078.0,2078.0,0,296,0,100.48060591084725,13.853669038531969,0,0,0,0
2085.0,2085.0,0,297,0,100.48057557014367,13.853634927703656,0,0,0,0
2092.0,2092.0,0,298,0,100.48054521148954,13.853600832158087,0,0,0,0
2099.0,2099.0,0,299,0,100.48051484004817,13.853566747483267,0,0,0,0
2106.0,2106.0,0,300,0,100.48048444743515,13.853532680854844,0,0,0,0
2113.0,2113.0,0,301,0,100.4804540306252,13.853498634866378,0,0,0,0
2120.0,2120.0,0,302,0,100.48042361764277,13.85346458562624,0,0,0,0
2127.0,2127.0,0,303,0,100.48039321847497,13.853430524633524,0,0,0,0
2134.0,2134.0,0,304,0,100.48036280329406,13.853396477295043,0,0,0,0
2141.0,2141.0,0,305,0,100.48033237569358,13.853362440553768,0,0,0,0
2148.0,2148.0,0,306,0,100.48030190488932,13.853328440789351,0,0,0,0
2155.0,2155.0,0,307,0,100.4802713339225,13.853294526968524,0,0,0,0
2162.0,2162.0,0,308,0,100.48024072371659,13.853260646969217,0,0,0,0
2169.0,2169.0,0,309,0,100.48021013557192,13.85322674796052,0,0,0,0
2176.0,2176.0,0,310,0,100.48017952268471,13.853192870285222,0,0,0,0
2183.0,2183.0,0,311,0,100.48014889846536,13.853159002411758,0,0,0,0
2190.0,2190.0,0,312,0,100.48011835653057,13.85312506371241,0,0,0,0
2197.0,2197.0,0,313,0,100.48008788724316,13.853091062728101,0,0,0,0
2204.0,2204.0,0,314,0,100.48005742357661,13.853057056937837,0,0,0,0
2211.0,2211.0,0,315,0,100.48002696932306,13.853023043120329,0,0,0,0
2218.0,2218.0,0,316,0,100.47999653169636,13.852989015119562,0,0,0,0
2225.0,2225.0,0,317,0,100.47996612820849,13.852954957992086,0,0,0,0
2232.0,2232.0,0,318,0,100.47993579584445,13.852920840397525,0,0,0,0
2239.0,2239.0,0,319,0,100.47990552756794,13.852886668521167,0,0,0,0
2246.0,2246.0,0,320,0,100.47987529501748,13.852852466477133,0,0,0,0
2253.0,2253.0,0,321,0,100.47984508045788,13.8528182492632,0,0,0,0
2260.0,2260.0,0,322,0,100.4798148817084,13.852784018736873,0,0,0,0
2267.0,2267.0,0,323,0,100.47978470846661,13.852749766763202,0,0,0,0
2274.0,2274.0,0,324,0,100.47975455638984,13.852715496991847,0,0,0,0
2281.0,2281.0,0,325,0,100.47972439756286,13.852681232895785,0,0,0,0
2288.0,2288.0,0,326,0,100.4796942136117,13.852646989900327,0,0,0,0
2295.0,2295.0,0,327,0,100.47966398151998,13.852612787504743,0,0,0,0
2302.0,2302.0,0,328,0,100.47963367923894,13.852578644462126,0,0,0,0
2309.0,2309.0,0,329,0,100.47960333735486,13.85254453501161,0,0,0,0
2316.0,2316.0,0,330,0,100.47957297296612,13.85251044468736,0,0,0,0
2323.0,2323.0,0,331,0,100.4795425566462,13.852476398604372,0,0,0,0
2330.0,2330.0,0,332,0,100.4795120922331,13.852442393596464,0,0,0,0
2337.0,2337.0,0,333,0,100.47948160873034,13.852408404942944,0,0,0,0
2344.0,2344.0,0,334,0,100.4794511135397,13.852374426296825,0,0,0,0
2351.0,2351.0,0,335,0,100.47942059627287,13.85234046659044,0,0,0,0
2358.0,2358.0,0,336,0,100.4793900506535,13.852306531235612,0,0,0,0
2365.0,2365.0,0,337,0,100.47935948758344,13.852272610879792,0,0,0,0
2372.0,2372.0,0,338,0,100.47932894113656,13.852238676240585,0,0,0,0
2379.0,2379.0,0,339,0,100.47929840638616,13.852204731556528,0,0,0,0
2386.0,2386.0,0,340,0,100.47926785763978,13.852170798900199,0,0,0,0
2393.0,2393.0,0,341,0,100.47923729411879,13.852136878938948,0,0,0,0
2400.0,2400.0,0,342,0,100.47920670490291,13.852102981108263,0,0,0,0
2407.0,2407.0,0,343,0,100.47917608056471,13.852069113575244,0,0,0,0
2414.0,2414.0,0,344,0,100.47914543942063,13.852035260557535,0,0,0,0
2421.0,2421.0,0,345,0,100.47911477460481,13.852001428016134,0,0,0,0
2428.0,2428.0,0,346,0,100.47908407743716,13.851967623488841,0,0,0,0
2435.0,2435.0,0,347,0,100.47905336230707,13.851933834541091,0,0,0,0
2442.0,2442.0,0,348,0,100.47902263377672,13.851900057223475,0,0,0,0
2450.0,2450.0,0,349,0,100.4789918880746,13.851866294832519,0,0,0,0
2457.0,2457.0,0,350,0,100.478961111095,13.85183255966165,0,0,0,0
2464.0,2464.0,0,351,0,100.47893030010516,13.851798854136176,0,0,0,0
2471.0,2471.0,0,352,0,100.47889947194525,13.851765163593306,0,0,0,0
2478.0,2478.0,0,353,0,100.47886865652143,13.851731461925292,0,0,0,0
2485.0,2485.0,0,354,0,100.47883791628048,13.851697694789735,0,0,0,0
2492.0,2492.0,0,355,0,100.47880723565073,13.851663875941572,0,0,0,0
2499.0,2499.0,0,356,0,100.47877657333348,13.85163004123812,0,0,0,0
2506.0,2506.0,0,357,0,100.47874594852809,13.851596174104106,0,0,0,0
2513.0,2513.0,0,358,0,100.47871535761585,13.851562277749052,0,0,0,0
2520.0,2520.0,0,359,0,100.4786847939306,13.851528357957474,0,0,0,0
2527.0,2527.0,0,360,0,100.47865427532828,13.851494399428967,0,0,0,0
2534.0,2534.0,0,361,0,100.47862378646096,13.851460415426354,0,0,0,0
2541.0,2541.0,0,362,0,100.47859333460408,13.851426399762154,0,0,0,0
2548.0,2548.0,0,363,0,100.47856292719776,13.851392346147653,0,0,0,0
2555.0,2555.0,0,364,0,100.4785325320029,13.851358282113752,0,0,0,0
2562.0,2562.0,0,365,0,100.4785021198644,13.851324232533786,0,0,0,0
2569.0,2569.0,0,366,0,100.47847168039398,13.851290206271374,0,0,0,0
2576.0,2576.0,0,367,0,100.47844122147248,13.851256196645876,0,0,0,0
2583.0,2583.0,0,368,0,100.47841076673431,13.85122218343463,0,0,0,0
2590.0,2590.0,0,369,0,100.47838032873001,13.851188155932062,0,0,0,0
2597.0,2597.0,0,370,0,100.47834988569511,13.851154132724341,0,0,0,0
2604.0,2604.0,0,371,0,100.47831942460294,13.851120124953672,0,0,0,0
2611.0,2611.0,0,372,0,100.47828893853017,13.851086138553374,0,0,0,0
2618.0,2618.0,0,373,0,100.47825843468229,13.851052167403102,0,0,0,0
2625.0,2625.0,0,374,0,100.47822793514707,13.851018192556733,0,0,0,0
2632.0,2632.0,0,375,0,100.47819744878878,13.850984206418964,0,0,0,0
2639.0,2639.0,0,376,0,100.47816699646594,13.850950191198043,0,0,0,0
2646.0,2646.0,0,377,0,100.47813658574162,13.850916140442985,0,0,0,0
2653.0,2653.0,0,378,0,100.47810618619266,13.850882080173115,0,0,0,0
2660.0,2660.0,0,379,0,100.47807579689923,13.850848011176582,0,0,0,0
2667.0,2667.0,0,380,0,100.47804542197676,13.850813929945355,0,0,0,0
2674.0,2674.0,0,381,0,100.47801503223762,13.850779861345009,0,0,0,0
2681.0,2681.0,0,382,0,100.477984653976,13.850745782929275,0,0,0,0
2688.0,2688.0,0,383,0,100.47795433597904,13.850711653410064,0,0,0,0
2695.0,2695.0,0,384,0,100.47792404540948,13.850677500579456,0,0,0,0
2702.0,2702.0,0,385,0,100.47789375830766,13.850643344814477,0,0,0,0
2709.0,2709.0,0,386,0,100.4778634895745,13.850609173514673,0,0,0,0
2716.0,2716.0,0,387,0,100.47783326085471,13.85057496843873,0,0,0,0
2723.0,2723.0,0,388,0,100.47780306432034,13.85054073623682,0,0,0,0
2730.0,2730.0,0,389,0,100.47777286164799,13.85050650920192,0,0,0,0
2737.0,2737.0,0,390,0,100.47774266636475,13.850472275923968,0,0,0,0
2744.0,2744.0,0,391,0,100.47771249330724,13.85043802397187,0,0,0,0
2751.0,2751.0,0,392,0,100.47768231431245,13.85040377699678,0,0,0,0
2758.0,2758.0,0,393,0,100.47765210379983,13.85036955656313,0,0,0,0
2765.0,2765.0,0,394,0,100.47762185217627,13.850335370837051,0,0,0,0
2772.0,2772.0,0,395,0,100.47759157311403,13.850301208339037,0,0,0,0
2779.0,2779.0,0,396,0,100.477561265694,13.850267069842573,0,0,0,0
2786.0,2786.0,0,397,0,100.47753093275738,13.850232952979582,0,0,0,0
2793.0,2793.0,0,398,0,100.47750058912123,13.850198845193411,0,0,0,0
2800.0,2800.0,0,399,0,100.47747026097528,13.850164724268183,0,0,0,0
2807.0,2807.0,0,400,0,100.47743995677448,13.850130583065056,0,0,0,0
2814.0,2814.0,0,401,0,100.47740963494644,13.850096456776473,0,0,0,0
2822.0,2822.0,0,402,0,100.47737925142297,13.850062382986906,0,0,0,0
2829.0,2829.0,0,403,0,100.47734882645624,13.850028344456346,0,0,0,0
2836.0,2836.0,0,404,0,100.4773183870332,13.849994318297435,0,0,0,0
2843.0,2843.0,0,405,0,100.47728793046052,13.849960306807029,0,0,0,0
2850.0,2850.0,0,406,0,100.47725745910377,13.849926307953659,0,0,0,0
2857.0,2857.0,0,407,0,100.47722700789822,13.849892291882757,0,0,0,0
2864.0,2864.0,0,408,0,100.47719660123924,13.849858237771345,0,0,0,0
2871.0,2871.0,0,409,0,100.47716619655918,13.849824181977182,0,0,0,0
2878.0,2878.0,0,410,0,100.47713580880053,13.849790111777299,0,0,0,0
2885.0,2885.0,0,411,0,100.4771054860037,13.84975598636447,0,0,0,0
2892.0,2892.0,0,412,0,100.4770751918704,13.849721836669776,0,0,0,0
2899.0,2899.0,0,413,0,100.47704491387131,13.849687673308477,0,0,0,0
2906.0,2906.0,0,414,0,100.4770146709777,13.84965348026154,0,0,0,0
2913.0,2913.0,0,415,0,100.47698439916647,13.849619311715436,0,0,0,0
2920.0,2920.0,0,416,0,100.47695403857756,13.849585218447652,0,0,0,0
2927.0,2927.0,0,417,0,100.47692362129966,13.849551173412639,0,0,0,0
2934.0,2934.0,0,418,0,100.47689317486825,13.849517153287408,0,0,0,0
2941.0,2941.0,0,419,0,100.47686272201304,13.849483138655508,0,0,0,0
2948.0,2948.0,0,420,0,100.47683226837361,13.849449124716315,0,0,0,0
2955.0,2955.0,0,421,0,100.47680180201863,13.849415121638456,0,0,0,0
2962.0,2962.0,0,422,0,100.47677135464694,13.849381102306625,0,0,0,0
2969.0,2969.0,0,423,0,100.4767409162641,13.849347075326309,0,0,0,0
2976.0,2976.0,0,424,0,100.47671043095909,13.849313088491966,0,0,0,0
2983.0,2983.0,0,425,0,100.47667990775442,13.849279134131699,0,0,0,0
2990.0,2990.0,0,426,0,100.4766493827479,13.84924518130747,0,0,0,0
2997.0,2997.0,0,427,0,100.4766188760364,13.849211212788765,0,0,0,0
3004.0,3004.0,0,428,0,100.47658839860641,13.849177219195726,0,0,0,0
3011.0,3011.0,0,429,0,100.47655793960148,13.84914320985832,0,0,0,0
3018.0,3018.0,0,430,0,100.47652746723871,13.84910921193317,0,0,0,0
3025.0,3025.0,0,431,0,100.47649696958622,13.84907523568769,0,0,0,0
3032.0,3032.0,0,432,0,100.47646646344577,13.849041266722802,0,0,0,0
3039.0,3039.0,0,433,0,100.47643594361087,13.84900730950659,0,0,0,0
3046.0,3046.0,0,434,0,100.47640537784316,13.848973391767142,0,0,0,0
3053.0,3053.0,0,435,0,100.47637478975452,13.8489394932418,0,0,0,0
3060.0,3060.0,0,436,0,100.47634422844506,13.84890557164558,0,0,0,0
3067.0,3067.0,0,437,0,100.47631372123794,13.848871603626028,0,0,0,0
3074.0,3074.0,0,438,0,100.4762832644529,13.848837592419459,0,0,0,0
3081.0,3081.0,0,439,0,100.47625283938939,13.848803554117088,0,0,0,0
3088.0,3088.0,0,440,0,100.47622244974819,13.84876948564249,0,0,0,0
3095.0,3095.0,0,441,0,100.47619206473179,13.848735413230996,0,0,0,0
3102.0,3102.0,0,442,0,100.47616162921695,13.84870138388819,0,0,0,0
3109.0,3109.0,0,443,0,100.47613115368154,13.848667388758887,0,0,0,0
3116.0,3116.0,0,444,0,100.47610065316807,13.84863341502291,0,0,0,0
3123.0,3123.0,0,445,0,100.4760701476586,13.84859944556547,0,0,0,0
3130.0,3130.0,0,446,0,100.47603967854282,13.84856544494839,0,0,0,0
3137.0,3137.0,0,447,0,100.47600923260461,13.848531424534293,0,0,0,0
3144.0,3144.0,0,448,0,100.4759787936751,13.848497398107666,0,0,0,0
3151.0,3151.0,0,449,0,100.47594836328861,13.84846336441257,0,0,0,0
3158.0,3158.0,0,450,0,100.47591793316447,13.848429330485015,0,0,0,0
3165.0,3165.0,0,451,0,100.47588749514695,13.84839530331492,0,0,0,0
3172.0,3172.0,0,452,0,100.47585704962661,13.848361282559933,0,0,0,0
3179.0,3179.0,0,453,0,100.47582661986706,13.848327248342063,0,0,0,0
3186.0,3186.0,0,454,0,100.47579622631048,13.848293183255535,0,0,0,0
3193.0,3193.0,0,455,0,100.47576586152044,13.848259093697147,0,0,0,0
3201.0,3201.0,0,456,0,100.47573549695976,13.848225003954354,0,0,0,0
3208.0,3208.0,0,457,0,100.47570513869235,13.848190908850889,0,0,0,0
3215.0,3215.0,0,458,0,100.47567479952268,13.848156797536694,0,0,0,0
3222.0,3222.0,0,459,0,100.47564445726033,13.848122688871001,0,0,0,0
3229.0,3229.0,0,460,0,100.47561409482618,13.848088597332008,0,0,0,0
3236.0,3236.0,0,461,0,100.47558370929876,13.848054525455755,0,0,0,0
3243.0,3243.0,0,462,0,100.47555329299159,13.848020479808842,0,0,0,0
3250.0,3250.0,0,463,0,100.47552284608034,13.84798646027626,0,0,0,0
3257.0,3257.0,0,464,0,100.47549237223794,13.847952463781684,0,0,0,0
3264.0,3264.0,0,465,0,100.47546188733928,13.847918476758522,0,0,0,0
3271.0,3271.0,0,466,0,100.47543140995256,13.847884483309798,0,0,0,0
3278.0,3278.0,0,467,0,100.47540097427306,13.8478504542197,0,0,0,0
3285.0,3285.0,0,468,0,100.47537057431074,13.847816394654673,0,0,0,0
3292.0,3292.0,0,469,0,100.47534016634489,13.847782341930507,0,0,0,0
3299.0,3299.0,0,470,0,100.47530976889001,13.84774828023833,0,0,0,0
3306.0,3306.0,0,471,0,100.47527939584857,13.847714197762118,0,0,0,0
3313.0,3313.0,0,472,0,100.47524901386565,13.847680122901004,0,0,0,0
3320.0,3320.0,0,473,0,100.47521860473375,13.847646071185872,0,0,0,0
3327.0,3327.0,0,474,0,100.47518817844957,13.847612034073869,0,0,0,0
3334.0,3334.0,0,475,0,100.47515773497099,13.847578011670901,0,0,0,0
3341.0,3341.0,0,476,0,100.47512724724973,13.84754402713415,0,0,0,0
3348.0,3348.0,0,477,0,100.47509671888875,13.84751007746587,0,0,0,0
3355.0,3355.0,0,478,0,100.47506616683727,13.847476148158666,0,0,0,0
3362.0,3362.0,0,479,0,100.47503560257694,13.847442229350222,0,0,0,0
3369.0,3369.0,0,480,0,100.47500503587548,13.847408312643298,0,0,0,0
3376.0,3376.0,0,481,0,100.47497445302093,13.847374409843967,0,0,0,0
3383.0,3383.0,0,482,0,100.4749438245214,13.847340546437964,0,0,0,0
3390.0,3390.0,0,483,0,100.47491316291759,13.847306711646397,0,0,0,0
3397.0,3397.0,0,484,0,100.47488250216738,13.84727287611174,0,0,0,0
3404.0,3404.0,0,485,0,100.47485183850563,13.847239043105406,0,0,0,0
3411.0,3411.0,0,486,0,100.47482117827947,13.84720520711734,0,0,0,0
3418.0,3418.0,0,487,0,100.47479051561513,13.847171373251108,0,0,0,0
3425.0,3425.0,0,488,0,100.47475980839624,13.847137578017707,0,0,0,0
3432.0,3432.0,0,489,0,100.47472901787371,13.847103855231065,0,0,0,0
3439.0,3439.0,0,490,0,100.4746981357133,13.847070212544695,0,0,0,0
3446.0,3446.0,0,491,0,100.47466718186291,13.847036632823132,0,0,0,0
3453.0,3453.0,0,492,0,100.47463614001272,13.847003130793361,0,0,0,0
3460.0,3460.0,0,493,0,100.47460497584666,13.846969737352879,0,0,0,0
3467.0,3467.0,0,494,0,100.47457369554834,13.846936447716557,0,0,0,0
3474.0,3474.0,0,495,0,100.4745422940242,13.846903267255968,0,0,0,0
3481.0,3481.0,0,496,0,100.47451077345318,13.846870194734262,0,0,0,0
3488.0,3488.0,0,497,0,100.4744791498694,13.846837216241427,0,0,0,0
3495.0,3495.0,0,498,0,100.47444741449186,13.846804340471737,0,0,0,0
3502.0,3502.0,0,499,0,100.47441557325755,13.846771562523218,0,0,0,0
3509.0,3509.0,0,500,0,100.47438366008376,13.84673885147194,0,0,0,0
3516.0,3516.0,0,501,0,100.47435168022203,13.846706202648672,0,0,0,0
3523.0,3523.0,0,502,0,100.4743195774024,13.846673669314336,0,0,0,0
3530.0,3530.0,0,503,0,100.47428728980367,13.846641311076667,0,0,0,0
3537.0,3537.0,0,504,0,100.47425480173972,13.846609144991126,0,0,0,0
3544.0,3544.0,0,505,0,100.47422214833335,13.846577139135041,0,0,0,0
3551.0,3551.0,0,506,0,100.47418933646101,13.846545288394253,0,0,0,0
3558.0,3558.0,0,507,0,100.47415632638625,13.846513633851789,0,0,0,0
3565.0,3565.0,0,508,0,100.47412311717686,13.846482178781791,0,0,0,0
3573.0,3573.0,0,509,0,100.47408967276249,13.846450962663257,0,0,0,0
3580.0,3580.0,0,510,0,100.47405593446832,13.84642005000453,0,0,0,0
3587.0,3587.0,0,511,0,100.47402190426136,13.846389444369308,0,0,0,0
3594.0,3594.0,0,512,0,100.47398757085801,13.846359163792558,0,0,0,0
3601.0,3601.0,0,513,0,100.47395293614352,13.846329212609549,0,0,0,0
3608.0,3608.0,0,514,0,100.47391803609537,13.84629955689485,0,0,0,0
3615.0,3615.0,0,515,0,100.47388289548604,13.846270173652076,0,0,0,0
3622.0,3622.0,0,516,0,100.47384756650223,13.846241006833989,0,0,0,0
3629.0,3629.0,0,517,0,100.47381206636362,13.846212039102271,0,0,0,0
3636.0,3636.0,0,518,0,100.47377637468219,13.846183296935774,0,0,0,0
3643.0,3643.0,0,519,0,100.47374049079542,13.84615478428346,0,0,0,0
3650.0,3650.0,0,520,0,100.47370429545995,13.846126650470296,0,0,0,0
3657.0,3657.0,0,521,0,100.47366763943731,13.84609909237619,0,0,0,0
3664.0,3664.0,0,522,0,100.47363054761757,13.846072096472488,0,0,0,0
3671.0,3671.0,0,523,0,100.47359308576233,13.846045592808085,0,0,0,0
3678.0,3678.0,0,524,0,100.47355528850193,13.846019547765616,0,0,0,0
3685.0,3685.0,0,525,0,100.47351718131148,13.845993937525291,0,0,0,0
3692.0,3692.0,0,526,0,100.47347878361325,13.845968744912211,0,0,0,0
3699.0,3699.0,0,527,0,100.47344016389327,13.845943878260023,0,0,0,0
3706.0,3706.0,0,528,0,100.4734013851484,13.845919248963366,0,0,0,0
3713.0,3713.0,0,529,0,100.47336242413134,13.845894896065086,0,0,0,0
3720.0,3720.0,0,530,0,100.4733232471413,13.845870876207263,0,0,0,0
3727.0,3727.0,0,531,0,100.4732838673511,13.845847175040738,0,0,0,0
3734.0,3734.0,0,532,0,100.47324428681046,13.84582379544286,0,0,0,0
3741.0,3741.0,0,533,0,100.47320449742926,13.845800756739584,0,0,0,0
3748.0,3748.0,0,534,0,100.47316449539404,13.845778072457385,0,0,0,0
3755.0,3755.0,0,535,0,100.47312427047541,13.845755767630651,0,0,0,0
3762.0,3762.0,0,536,0,100.47308383044472,13.84573383737994,0,0,0,0
3769.0,3769.0,0,537,0,100.47304318612163,13.845712270613225,0,0,0,0
3776.0,3776.0,0,538,0,100.47300235442225,13.845691044417707,0,0,0,0
3783.0,3783.0,0,539,0,100.4729613439089,13.84567014990755,0,0,0,0
3790.0,3790.0,0,540,0,100.47292019314186,13.845649520246115,0,0,0,0
3797.0,3797.0,0,541,0,100.47287893510754,13.845629096179238,0,0,0,0
3804.0,3804.0,0,542,0,100.47283755375643,13.845608911851054,0,0,0,0
3811.0,3811.0,0,543,0,100.4727960096091,13.845589049456581,0,0,0,0
3818.0,3818.0,0,544,0,100.47275430794431,13.845569504671257,0,0,0,0
3825.0,3825.0,0,545,0,100.47271247035283,13.845550239211919,0,0,0,0
3832.0,3832.0,0,546,0,100.47267051006632,13.84553123019417,0,0,0,0
3839.0,3839.0,0,547,0,100.47262841704834,13.845512503506125,0,0,0,0
3846.0,3846.0,0,548,0,100.47258617247668,13.845494105667493,0,0,0,0
3853.0,3853.0,0,549,0,100.47254377617683,13.845476043948125,0,0,0,0
3860.0,3860.0,0,550,0,100.47250127280854,13.845458224005277,0,0,0,0
3867.0,3867.0,0,551,0,100.47245869203807,13.845440581570506,0,0,0,0
3874.0,3874.0,0,552,0,100.47241599247918,13.845423215400775,0,0,0,0
3881.0,3881.0,0,553,0,100.47237318406793,13.845406106840166,0,0,0,0
3888.0,3888.0,0,554,0,100.47233030364448,13.845389171327637,0,0,0,0
3895.0,3895.0,0,555,0,100.47228735621059,13.845372398703832,0,0,0,0
3902.0,3902.0,0,556,0,100.47224433945233,13.84535579649804,0,0,0,0
3909.0,3909.0,0,557,0,100.47220126037388,13.845339349331661,0,0,0,0
3916.0,3916.0,0,558,0,100.47215814392946,13.845322995963643,0,0,0,0
3923.0,3923.0,0,559,0,100.47211497475057,13.845306775973864,0,0,0,0
3930.0,3930.0,0,560,0,100.47207172596367,13.845290759675132,0,0,0,0
3937.0,3937.0,0,561,0,100.47202843293812,13.845274857901865,0,0,0,0
3944.0,3944.0,0,562,0,100.47198511953546,13.845259009087135,0,0,0,0
3952.0,3952.0,0,563,0,100.47194175665565,13.845243290297391,0,0,0,0
3959.0,3959.0,0,564,0,100.47189835971686,13.845227661250068,0,0,0,0
3966.0,3966.0,0,565,0,100.47185497376415,13.845212003084903,0,0,0,0
3973.0,3973.0,0,566,0,100.47181158724764,13.845196346466501,0,0,0,0
3980.0,3980.0,0,567,0,100.47176819737963,13.84518069862649,0,0,0,0
3987.0,3987.0,0,568,0,100.47172478134374,13.845165120275642,0,0,0,0
3994.0,3994.0,0,569,0,100.47168126512979,13.845149811493405,0,0,0,0
4001.0,4001.0,0,570,0,100.47163764474412,13.845134788058845,0,0,0,0
4008.0,4008.0,0,571,0,100.47159398716944,13.845119867956747,0,0,0,0
4015.0,4015.0,0,572,0,100.47155031487226,13.84510498886258,0,0,0,0
4022.0,4022.0,0,573,0,100.47150662471061,13.84509015998332,0,0,0,0
4029.0,4029.0,0,574,0,100.47146291917117,13.845075374350182,0,0,0,0
4036.0,4036.0,0,575,0,100.47141920701854,13.845060607408964,0,0,0,0
4043.0,4043.0,0,576,0,100.47137548482922,13.84504586885962,0,0,0,0
4050.0,4050.0,0,577,0,100.47133174474895,13.845031181087228,0,0,0,0
4057.0,4057.0,0,578,0,100.47128798996856,13.845016535119376,0,0,0,0
4064.0,4064.0,0,579,0,100.47124423227866,13.845001897474347,0,0,0,0
4071.0,4071.0,0,580,0,100.47120048269473,13.844987236688757,0,0,0,0
4078.0,4078.0,0,581,0,100.47115673460102,13.844972571672727,0,0,0,0
4085.0,4085.0,0,582,0,100.4711129588652,13.844957985754904,0,0,0,0
4092.0,4092.0,0,583,0,100.47106913247337,13.844943545880598,0,0,0,0
4099.0,4099.0,0,584,0,100.47102527958049,13.844929182871965,0,0,0,0
4106.0,4106.0,0,585,0,100.47098142710017,13.844914818556463,0,0,0,0
4113.0,4113.0,0,586,0,100.47093756238242,13.844900490120997,0,0,0,0
4120.0,4120.0,0,587,0,100.47089367881262,13.84488621688316,0,0,0,0
4127.0,4127.0,0,588,0,100.4708497752838,13.844872002311083,0,0,0,0
4134.0,4134.0,0,589,0,100.47080585875122,13.844857826256028,0,0,0,0
4141.0,4141.0,0,590,0,100.47076193686445,13.844843666029035,0,0,0,0
4148.0,4148.0,0,591,0,100.47071800898391,13.844829523456683,0,0,0,0
4155.0,4155.0,0,592,0,100.47067409350814,13.844815344265331,0,0,0,0
4162.0,4162.0,0,593,0,100.47063020082376,13.844801097766142,0,0,0,0
4169.0,4169.0,0,594,0,100.47058630713857,13.844786854273284,0,0,0,0
4176.0,4176.0,0,595,0,100.4705423971411,13.844772658914826,0,0,0,0
4183.0,4183.0,0,596,0,100.4704984733177,13.844758504442588,0,0,0,0
4190.0,4190.0,0,597,0,100.470454523328,13.84474442781432,0,0,0,0
4197.0,4197.0,0,598,0,100.47041055840093,13.84473039560423,0,0,0,0
4204.0,4204.0,0,599,0,100.47036660689938,13.844716323310704,0,0,0,0
4211.0,4211.0,0,600,0,100.4703226524232,13.844702259867375,0,0,0,0
4218.0,4218.0,0,601,0,100.47027868372868,13.844688239076017,0,0,0,0
4225.0,4225.0,0,602,0,100.4702347084186,13.84467423808605,0,0,0,0
4232.0,4232.0,0,603,0,100.4701907243904,13.84466026317656,0,0,0,0
4239.0,4239.0,0,604,0,100.47014672948832,13.844646321082907,0,0,0,0
4246.0,4246.0,0,605,0,100.47010272296313,13.844632414012402,0,0,0,0
4253.0,4253.0,0,606,0,100.47005871825199,13.844618501414153,0,0,0,0
4260.0,4260.0,0,607,0,100.4700147292299,13.844604541452169,0,0,0,0
4267.0,4267.0,0,608,0,100.46997073928166,13.844590584455212,0,0,0,0
4274.0,4274.0,0,609,0,100.46992673414678,13.844576673156064,0,0,0,0
4281.0,4281.0,0,610,0,100.46988273063718,13.844562757021007,0,0,0,0
4288.0,4288.0,0,611,0,100.46983873660368,13.844548812267037,0,0,0,0
4295.0,4295.0,0,612,0,100.46979474843161,13.844534849919444,0,0,0,0
4302.0,4302.0,0,613,0,100.46975077879642,13.844520831947092,0,0,0,0
4309.0,4309.0,0,614,0,100.4697068098429,13.844506811880532,0,0,0,0
4316.0,4316.0,0,615,0,100.46966282019062,13.844492853829843,0,0,0,0
4324.0,4324.0,0,616,0,100.46961884106582,13.844478864189288,0,0,0,0
4331.0,4331.0,0,617,0,100.46957491426858,13.84446471862988,0,0,0,0
4338.0,4338.0,0,618,0,100.46953102254393,13.844450469483549,0,0,0,0
4345.0,4345.0,0,619,0,100.46948711026795,13.84443628105657,0,0,0,0
4352.0,4352.0,0,620,0,100.46944316758584,13.844422182524758,0,0,0,0
4359.0,4359.0,0,621,0,100.46939922477875,13.844408084274262,0,0,0,0
4366.0,4366.0,0,622,0,100.46935529001671,13.844393962148056,0,0,0,0
4373.0,4373.0,0,623,0,100.46931134149597,13.844379880930505,0,0,0,0
4380.0,4380.0,0,624,0,100.46926737099122,13.844365865231458,0,0,0,0
4387.0,4387.0,0,625,0,100.46922339848986,13.844351855484929,0,0,0,0
4394.0,4394.0,0,626,0,100.46917943461536,13.844337819985189,0,0,0,0
4401.0,4401.0,0,627,0,100.46913547854741,13.844323761306782,0,0,0,0
4408.0,4408.0,0,628,0,100.46909153021626,13.844309679711703,0,0,0,0
4415.0,4415.0,0,629,0,100.46904757351824,13.844295623137187,0,0,0,0
4422.0,4422.0,0,630,0,100.46900360658174,13.844281597117035,0,0,0,0
4429.0,4429.0,0,631,0,100.46895965153092,13.844267535652195,0,0,0,0
4436.0,4436.0,0,632,0,100.46891569377804,13.844253482200246,0,0,0,0
4443.0,4443.0,0,633,0,100.4688717133055,13.844239496688097,0,0,0,0
4450.0,4450.0,0,634,0,100.46882772694794,13.84422552888836,0,0,0,0
4457.0,4457.0,0,635,0,100.46878373482319,13.844211578748071,0,0,0,0
4464.0,4464.0,0,636,0,100.46873972866543,13.844197670901739,0,0,0,0
4471.0,4471.0,0,637,0,100.4686957329628,13.844183731592844,0,0,0,0
4478.0,4478.0,0,638,0,100.46865176185231,13.844169718336145,0,0,0,0
4485.0,4485.0,0,639,0,100.46860778848054,13.844155711744525,0,0,0,0
4492.0,4492.0,0,640,0,100.46856379842882,13.844141755373066,0,0,0,0
4499.0,4499.0,0,641,0,100.4685197995219,13.844127825566984,0,0,0,0
4506.0,4506.0,0,642,0,100.46847581078728,13.844113865091579,0,0,0,0
4513.0,4513.0,0,643,0,100.46843182592792,13.844099892887405,0,0,0,0
4520.0,4520.0,0,644,0,100.46838782754895,13.844085961467085,0,0,0,0
4527.0,4527.0,0,645,0,100.46834383452733,13.844072013893859,0,0,0,0
4534.0,4534.0,0,646,0,100.46829986510551,13.844057995443416,0,0,0,0
4541.0,4541.0,0,647,0,100.4682559283734,13.844043879744195,0,0,0,0
4548.0,4548.0,0,648,0,100.46821200017649,13.844029738458788,0,0,0,0
4555.0,4555.0,0,649,0,100.46816802686368,13.844015731894967,0,0,0,0
4562.0,4562.0,0,650,0,100.46812401304857,13.844001847067645,0,0,0,0
4569.0,4569.0,0,651,0,100.46808000832347,13.84398793490848,0,0,0,0
4576.0,4576.0,0,652,0,100.46803602885365,13.843973946657966,0,0,0,0
4583.0,4583.0,0,653,0,100.46799204715144,13.843959965275872,0,0,0,0
4590.0,4590.0,0,654,0,100.46794803375042,13.84394607955218,0,0,0,0
4597.0,4597.0,0,655,0,100.46790399781386,13.843932262097528,0,0,0,0
4604.0,4604.0,0,656,0,100.46785994280292,13.843918502762458,0,0,0,0
4611.0,4611.0,0,657,0,100.46781585019993,13.843904858924354,0,0,0,0
4618.0,4618.0,0,658,0,100.46777172225643,13.843891324621511,0,0,0,0
4625.0,4625.0,0,659,0,100.46772759677657,13.843877782602753,0,0,0,0
4632.0,4632.0,0,660,0,100.46768352005842,13.84386408983654,0,0,0,0
4639.0,4639.0,0,661,0,100.46763947876393,13.843850288778901,0,0,0,0
4646.0,4646.0,0,662,0,100.46759542198834,13.84383653508372,0,0,0,0
4653.0,4653.0,0,663,0,100.46755133752622,13.843822866195582,0,0,0,0
4660.0,4660.0,0,664,0,100.46750725453292,13.843809192673543,0,0,0,0
4667.0,4667.0,0,665,0,100.46746318045858,13.84379549169899,0,0,0,0
4674.0,4674.0,0,666,0,100.46741906774734,13.843781910260216,0,0,0,0
4681.0,4681.0,0,667,0,100.46737482636753,13.84376873533672,0,0,0,0
4688.0,4688.0,0,668,0,100.46733043133901,13.843756062799358,0,0,0,0
4695.0,4695.0,0,669,0,100.46728600227209,13.843743504468579,0,0,0,0
4703.0,4703.0,0,670,0,100.46724164522803,13.84373070546526,0,0,0,0
4710.0,4710.0,0,671,0,100.46719738079457,13.843717603771442,0,0,0,0
4717.0,4717.0,0,672,0,100.46715319387471,13.843704254552492,0,0,0,0
4724.0,4724.0,0,673,0,100.46710903684003,13.843690811142666,0,0,0,0
4731.0,4731.0,0,674,0,100.46706482899125,13.843677528617718,0,0,0,0
4738.0,4738.0,0,675,0,100.46702051243311,13.843664596598838,0,0,0,0
4745.0,4745.0,0,676,0,100.4669760936794,13.843652003420571,0,0,0,0
4752.0,4752.0,0,677,0,100.46693157496651,13.843639752360316,0,0,0,0
4759.0,4759.0,0,678,0,100.46688694824759,13.843627882401796,0,0,0,0
4766.0,4766.0,0,679,0,100.46684223249171,13.84361633671448,0,0,0,0
4773.0,4773.0,0,680,0,100.46679744674663,13.84360505291874,0,0,0,0
4780.0,4780.0,0,681,0,100.4667526050236,13.843593983258002,0,0,0,0
4787.0,4787.0,0,682,0,100.46670772209531,13.843583074121701,0,0,0,0
4794.0,4794.0,0,683,0,100.46666278572664,13.843572377350096,0,0,0,0
4801.0,4801.0,0,684,0,100.46661776789237,13.843562013090589,0,0,0,0
4808.0,4808.0,0,685,0,100.46657268189273,13.84355193529001,0,0,0,0
4815.0,4815.0,0,686,0,100.46652757132404,13.84354196281194,0,0,0,0
4822.0,4822.0,0,687,0,100.46648245384489,13.843532020323309,0,0,0,0
4829.0,4829.0,0,688,0,100.46643732793072,13.843522114378656,0,0,0,0
4836.0,4836.0,0,689,0,100.46639219215125,13.843512251548093,0,0,0,0
4843.0,4843.0,0,690,0,100.46634702445287,13.843502529433806,0,0,0,0
4850.0,4850.0,0,691,0,100.4663018201679,13.84349297079371,0,0,0,0
4857.0,4857.0,0,692,0,100.46625658269063,13.843483563410425,0,0,0,0
4864.0,4864.0,0,693,0,100.4662112996592,13.84347436794471,0,0,0,0
4871.0,4871.0,0,694,0,100.46616596676331,13.84346540989635,0,0,0,0
4878.0,4878.0,0,695,0,100.46612059624219,13.84345663543806,0,0,0,0
4885.0,4885.0,0,696,0,100.46607519721834,13.843448003202926,0,0,0,0
4892.0,4892.0,0,697,0,100.46602976308763,13.843439548899726,0,0,0,0
4899.0,4899.0,0,698,0,100.46598429233576,13.84343128498575,0,0,0,0
4906.0,4906.0,0,699,0,100.465938784767,13.843423216834246,0,0,0,0
4913.0,4913.0,0,700,0,100.46589324480534,13.843415325043047,0,0,0,0
4920.0,4920.0,0,701,0,100.46584767260747,13.843407613136968,0,0,0,0
4927.0,4927.0,0,702,0,100.46580206154337,13.843400123992103,0,0,0,0
4934.0,4934.0,0,703,0,100.46575641902919,13.84339281945877,0,0,0,0
4941.0,4941.0,0,704,0,100.46571074818989,13.843385686158086,0,0,0,0
4948.0,4948.0,0,705,0,100.46566503566703,13.84337881300321,0,0,0,0
4955.0,4955.0,0,706,0,100.46561928154952,13.84337220949203,0,0,0,0
4962.0,4962.0,0,707,0,100.46557349006129,13.843365857857822,0,0,0,0
4969.0,4969.0,0,708,0,100.4655276683063,13.843359717810905,0,0,0,0
4976.0,4976.0,0,709,0,100.46548182532037,13.843353730842347,0,0,0,0
4983.0,4983.0,0,710,0,100.46543596103918,13.843347901988166,0,0,0,0
4990.0,4990.0,0,711,0,100.46539007309298,13.843342253647382,0,0,0,0
4997.0,4997.0,0,712,0,100.46534416564984,13.84333675850201,0,0,0,0
5004.0,5004.0,0,713,0,100.46529824094414,13.843331402836435,0,0,0,0
5011.0,5011.0,0,714,0,100.46525229489087,13.843326225282382,0,0,0,0
5018.0,5018.0,0,715,0,100.46520632462543,13.84332125781183,0,0,0,0
5025.0,5025.0,0,716,0,100.4651603314709,13.843316496634245,0,0,0,0
5032.0,5032.0,0,717,0,100.46511431901641,13.843311915965414,0,0,0,0
5039.0,5039.0,0,718,0,100.46506828795853,13.843307517950336,0,0,0,0
5046.0,5046.0,0,719,0,100.46502223605424,13.843303333869251,0,0,0,0
5053.0,5053.0,0,720,0,100.46497615414448,13.843299478816204,0,0,0,0
5060.0,5060.0,0,721,0,100.46493003582901,13.843296065547431,0,0,0,0
5067.0,5067.0,0,722,0,100.46488389035522,13.843293022573548,0,0,0,0
5074.0,5074.0,0,723,0,100.46483772813069,13.843290230495663,0,0,0,0
5082.0,5082.0,0,724,0,100.46479155313361,13.843287647501079,0,0,0,0
5089.0,5089.0,0,725,0,100.46474536839101,13.843285236767702,0,0,0,0
5096.0,5096.0,0,726,0,100.46469917433618,13.843283004945345,0,0,0,0
5103.0,5103.0,0,727,0,100.46465296812293,13.843281028871973,0,0,0,0
5110.0,5110.0,0,728,0,100.46460674978907,13.843279345619642,0,0,0,0
5117.0,5117.0,0,729,0,100.4645605219061,13.843277933391745,0,0,0,0
5124.0,5124.0,0,730,0,100.46451428600271,13.843276801442947,0,0,0,0
5131.0,5131.0,0,731,0,100.46446804422783,13.843275927123592,0,0,0,0
5138.0,5138.0,0,732,0,100.46442179769903,13.84327534694347,0,0,0,0
5145.0,5145.0,0,733,0,100.46437554848458,13.843275007409206,0,0,0,0
5152.0,5152.0,0,734,0,100.46432929847346,13.843274809555224,0,0,0,0
5159.0,5159.0,0,735,0,100.46428304798415,13.84327479956395,0,0,0,0
5166.0,5166.0,0,736,0,100.46423679826464,13.843275036871301,0,0,0,0
5173.0,5173.0,0,737,0,100.46419055028835,13.843275501496613,0,0,0,0
5180.0,5180.0,0,738,0,100.46414430413931,13.843276118659467,0,0,0,0
5187.0,5187.0,0,739,0,100.46409806099503,13.843276917688579,0,0,0,0
5194.0,5194.0,0,740,0,100.46405182354935,13.843277984167901,0,0,0,0
5201.0,5201.0,0,741,0,100.46400559226777,13.843279284455713,0,0,0,0
5208.0,5208.0,0,742,0,100.46395936660934,13.843280763359763,0,0,0,0
5215.0,5215.0,0,743,0,100.46391314913598,13.843282468266926,0,0,0,0
5222.0,5222.0,0,744,0,100.46386694102401,13.84328440192889,0,0,0,0
5229.0,5229.0,0,745,0,100.46382074073419,13.84328650609435,0,0,0,0
5236.0,5236.0,0,746,0,100.46377454841594,13.843288770673125,0,0,0,0
5243.0,5243.0,0,747,0,100.46372836683517,13.843291235278137,0,0,0,0
5250.0,5250.0,0,748,0,100.46368220082024,13.84329396429172,0,0,0,0
5257.0,5257.0,0,749,0,100.46363605033464,13.84329693392112,0,0,0,0
5264.0,5264.0,0,750,0,100.46358991104783,13.843300064267211,0,0,0,0
5271.0,5271.0,0,751,0,100.46354378513982,13.843303378386377,0,0,0,0
5278.0,5278.0,0,752,0,100.46349767375999,13.843306880520872,0,0,0,0
5285.0,5285.0,0,753,0,100.46345157344774,13.843310518755608,0,0,0,0
5292.0,5292.0,0,754,0,100.46340548872831,13.843314340697008,0,0,0,0
5299.0,5299.0,0,755,0,100.46335942400574,13.843318386559256,0,0,0,0
5306.0,5306.0,0,756,0,100.46331337912824,13.84332264277671,0,0,0,0
5313.0,5313.0,0,757,0,100.46326735831377,13.843327140370752,0,0,0,0
5320.0,5320.0,0,758,0,100.4632213658616,13.843331906855132,0,0,0,0
5327.0,5327.0,0,759,0,100.46317539713576,13.843336887342023,0,0,0,0
5334.0,5334.0,0,760,0,100.46312944889902,13.843342045398984,0,0,0,0
5341.0,5341.0,0,761,0,100.46308352491394,13.843347405623982,0,0,0,0
5348.0,5348.0,0,762,0,100.4630376270675,13.843352975552497,0,0,0,0
5355.0,5355.0,0,763,0,100.46299175535059,13.843358747785901,0,0,0,0
5362.0,5362.0,0,764,0,100.4629459113886,13.843364727404058,0,0,0,0
5369.0,5369.0,0,765,0,100.46290009551204,13.843370909371743,0,0,0,0
5376.0,5376.0,0,766,0,100.46285430315787,13.843377255823201,0,0,0,0
5383.0,5383.0,0,767,0,100.46280852480031,13.843383698213668,0,0,0,0
5390.0,5390.0,0,768,0,100.46276275652342,13.843390208683225,0,0,0,0
5397.0,5397.0,0,769,0,100.4627170057128,13.843396835137362,0,0,0,0
5404.0,5404.0,0,770,0,100.46267127412406,13.843403587379523,0,0,0,0
5411.0,5411.0,0,771,0,100.4626255502687,13.843410389389978,0,0,0,0
5418.0,5418.0,0,772,0,100.4625798263385,13.843417190890971,0,0,0,0
5425.0,5425.0,0,773,0,100.4625341080827,13.843424028388517,0,0,0,0
5432.0,5432.0,0,774,0,100.46248839693415,13.843430911434854,0,0,0,0
5439.0,5439.0,0,775,0,100.46244269074464,13.843437825883907,0,0,0,0
5446.0,5446.0,0,776,0,100.46239699675212,13.843444816817549,0,0,0,0
5454.0,5454.0,0,777,0,100.46235131423133,13.843451878970452,0,0,0,0
5461.0,5461.0,0,778,0,100.4623056356355,13.843458965118769,0,0,0,0
5468.0,5468.0,0,779,0,100.4622599672273,13.843466113613015,0,0,0,0
5475.0,5475.0,0,780,0,100.46221432472376,13.843473418221933,0,0,0,0
5482.0,5482.0,0,781,0,100.46216870995744,13.843480886601698,0,0,0,0
5489.0,5489.0,0,782,0,100.46212310559211,13.843488415594106,0,0,0,0
5496.0,5496.0,0,783,0,100.46207749790044,13.843495925125385,0,0,0,0
5503.0,5503.0,0,784,0,100.46203188660974,13.84350341368757,0,0,0,0
5510.0,5510.0,0,785,0,100.46198627663702,13.8435109100025,0,0,0,0
5517.0,5517.0,0,786,0,100.46194066281737,13.843518384027101,0,0,0,0
5524.0,5524.0,0,787,0,100.46189505239657,13.84352587772075,0,0,0,0
5531.0,5531.0,0,788,0,100.46184945974854,13.843533473697738,0,0,0,0
5538.0,5538.0,0,789,0,100.46180387507762,13.843541115493634,0,0,0,0
5545.0,5545.0,0,790,0,100.46175829006768,13.843548755452028,0,0,0,0
5552.0,5552.0,0,791,0,100.46171270926841,13.843556419091549,0,0,0,0
5559.0,5559.0,0,792,0,100.46166713072887,13.843564095811349,0,0,0,0
5566.0,5566.0,0,793,0,100.46162155337224,13.843571779253711,0,0,0,0
5573.0,5573.0,0,794,0,100.46157597608514,13.843579462967337,0,0,0,0
5580.0,5580.0,0,795,0,100.46153039828242,13.843587143751936,0,0,0,0
5587.0,5587.0,0,796,0,100.46148482311882,13.843594839382618,0,0,0,0
5594.0,5594.0,0,797,0,100.46143924776197,13.843602534102846,0,0,0,0
5601.0,5601.0,0,798,0,100.46139367343618,13.843610234550653,0,0,0,0
5608.0,5608.0,0,799,0,100.4613481011112,13.84361794630752,0,0,0,0
5615.0,5615.0,0,800,0,100.46130253295316,13.843625681590838,0,0,0,0
5622.0,5622.0,0,801,0,100.46125696916802,13.843633441514479,0,0,0,0
5629.0,5629.0,0,802,0,100.46121140207802,13.843641182645198,0,0,0,0
5636.0,5636.0,0,803,0,100.46116582514706,13.843648868293172,0,0,0,0
5643.0,5643.0,0,804,0,100.46112023934495,13.843656503523157,0,0,0,0
5650.0,5650.0,0,805,0,100.46107465639317,13.84366415495584,0,0,0,0
5657.0,5657.0,0,806,0,100.46102908622952,13.84367187893239,0,0,0,0
5664.0,5664.0,0,807,0,100.46098351694846,13.843679607753746,0,0,0,0
5671.0,5671.0,0,808,0,100.46093794439955,13.843687318352222,0,0,0,0
5678.0,5678.0,0,809,0,100.46089238446149,13.843695099525416,0,0,0,0
5685.0,5685.0,0,810,0,100.46084683606361,13.843702945393778,0,0,0,0
5692.0,5692.0,0,811,0,100.46080128819281,13.84371079446059,0,0,0,0
5699.0,5699.0,0,812,0,100.46075573806962,13.843718631302288,0,0,0,0
5706.0,5706.0,0,813,0,100.46071018635011,13.843726459176175,0,0,0,0
5713.0,5713.0,0,814,0,100.4606646360271,13.843734295061113,0,0,0,0
5720.0,5720.0,0,815,0,100.4606190888197,13.843742148460718,0,0,0,0
5727.0,5727.0,0,816,0,100.46057354600052,13.84375002602577,0,0,0,0
5734.0,5734.0,0,817,0,100.46052799666383,13.843757867422328,0,0,0,0
5741.0,5741.0,0,818,0,100.46048243138418,13.843765619726577,0,0,0,0
5748.0,5748.0,0,819,0,100.46043686223778,13.843773350314363,0,0,0,0
5755.0,5755.0,0,820,0,100.46039130329525,13.8437811381346,0,0,0,0
5762.0,5762.0,0,821,0,100.46034574693333,13.843788940432132,0,0,0,0
5769.0,5769.0,0,822,0,100.46030018195084,13.843796694569043,0,0,0,0
5776.0,5776.0,0,823,0,100.46025461418807,13.843804433129598,0,0,0,0
5783.0,5783.0,0,824,0,100.46020904366574,13.843812156189555,0,0,0,0
5790.0,5790.0,0,825,0,100.46016346498071,13.843819833021838,0,0,0,0
5797.0,5797.0,0,826,0,100.46011788722468,13.843827515108826,0,0,0,0
5804.0,5804.0,0,827,0,100.4600723150455,13.843835228729487,0,0,0,0
5811.0,5811.0,0,828,0,100.4600267416181,13.843842935260385,0,0,0,0
5818.0,5818.0,0,829,0,100.45998116669847,13.84385063337952,0,0,0,0
5825.0,5825.0,0,830,0,100.45993558828567,13.843858311761071,0,0,0,0
5833.0,5833.0,0,831,0,100.45988999737962,13.843865918839075,0,0,0,0
5840.0,5840.0,0,832,0,100.45984438672205,13.843873411987053,0,0,0,0
5847.0,5847.0,0,833,0,100.45979875860769,13.843880803026291,0,0,0,0
5854.0,5854.0,0,834,0,100.45975311943043,13.843888128622826,0,0,0,0
5861.0,5861.0,0,835,0,100.4597074810053,13.843895458736792,0,0,0,0
5868.0,5868.0,0,836,0,100.45966186018606,13.843902892593269,0,0,0,0
5875.0,5875.0,0,837,0,100.45961627929672,13.843910556269071,0,0,0,0
5882.0,5882.0,0,838,0,100.45957075745574,13.843918547942605,0,0,0,0
5889.0,5889.0,0,839,0,100.45952528393703,13.843926798451138,0,0,0,0
5896.0,5896.0,0,840,0,100.4594798212967,13.84393510611634,0,0,0,0
5903.0,5903.0,0,841,0,100.45943434095773,13.8439433207417,0,0,0,0
5910.0,5910.0,0,842,0,100.45938883587084,13.843951403481123,0,0,0,0
5917.0,5917.0,0,843,0,100.45934331095856,13.843959379087789,0,0,0,0
5924.0,5924.0,0,844,0,100.45929777143701,13.843967274608508,0,0,0,0
5931.0,5931.0,0,845,0,100.4592522152051,13.843975077568196,0,0,0,0
5938.0,5938.0,0,846,0,100.45920664764557,13.843982817043122,0,0,0,0
5945.0,5945.0,0,847,0,100.45916107688896,13.843990538388462,0,0,0,0
5952.0,5952.0,0,848,0,100.45911550330148,13.843998243823531,0,0,0,0
5959.0,5959.0,0,849,0,100.45906992545956,13.844005925269599,0,0,0,0
5966.0,5966.0,0,850,0,100.45902434747639,13.844013605951194,0,0,0,0
5973.0,5973.0,0,851,0,100.45897876919322,13.844021284969104,0,0,0,0
5980.0,5980.0,0,852,0,100.45893319450212,13.844028984260904,0,0,0,0
